Process,Branch,Variant,Attribution,ProbabilityBin,Rounds,Pieces,Passed,PredictedPass,ObservedRate,PredictedRate
Bright Cut,First pass,group_only_all,single,"(0.5, 0.6]",4,23.0,19.0,13.748344108527636,0.8260869565217391,0.5977540916751146
Bright Cut,First pass,group_only_all,single,"(0.6, 0.7]",17,85.0,65.0,54.61213185905398,0.7647058823529411,0.6424956689300468
Bright Cut,First pass,group_only_all,single,"(0.7, 0.8]",35,100.0,63.0,75.87488940311871,0.63,0.7587488940311872
Bright Cut,First pass,group_only_all,single,"(0.8, 0.9]",19,147.0,114.0,118.39357800581804,0.7755102040816326,0.8053984898354969
Bright Cut,First pass,group_only_all,team,"(0.7, 0.8]",1,3.0,3.0,2.1584912594353485,1.0,0.7194970864784495
Bright Cut,First pass,group_only_all,unknown,"(0.5, 0.6]",2,12.0,10.0,7.173049100101375,0.8333333333333334,0.5977540916751146
Bright Cut,First pass,group_only_all,unknown,"(0.6, 0.7]",1,10.0,7.0,6.403710528637591,0.7,0.6403710528637591
Bright Cut,First pass,group_only_all,unknown,"(0.7, 0.8]",14,63.0,53.0,46.718881689259646,0.8412698412698413,0.741569550623169
Bright Cut,First pass,group_only_all,unknown,"(0.8, 0.9]",6,50.0,50.0,41.1445337732815,1.0,0.82289067546563
Bright Cut,First pass,legacy_1000,single,"(0.2, 0.3]",1,1.0,0.0,0.276934636284374,0.0,0.276934636284374
Bright Cut,First pass,legacy_1000,single,"(0.3, 0.4]",6,17.0,6.0,6.082542875344034,0.35294117647058826,0.35779663972611964
Bright Cut,First pass,legacy_1000,single,"(0.4, 0.5]",2,2.0,1.0,0.8936526536272432,0.5,0.4468263268136216
Bright Cut,First pass,legacy_1000,single,"(0.5, 0.6]",8,58.0,49.0,32.71035177810764,0.8448275862068966,0.5639715823811663
Bright Cut,First pass,legacy_1000,single,"(0.6, 0.7]",5,24.0,14.0,15.025707457016637,0.5833333333333334,0.6260711440423599
Bright Cut,First pass,legacy_1000,single,"(0.7, 0.8]",29,145.0,123.0,107.1967890262483,0.8482758620689655,0.7392882001810227
Bright Cut,First pass,legacy_1000,single,"(0.8, 0.9]",15,53.0,25.0,44.990748289809616,0.4716981132075472,0.848882043203955
Bright Cut,First pass,legacy_1000,single,"(0.9, 1.0]",9,55.0,43.0,52.14917819008597,0.7818181818181819,0.9481668761833812
Bright Cut,First pass,legacy_1000,team,"(0.6, 0.7]",1,3.0,3.0,1.991984171290245,1.0,0.6639947237634151
Bright Cut,First pass,legacy_1000,unknown,"(0.4, 0.5]",3,3.0,0.0,1.2678845935984964,0.0,0.42262819786616546
Bright Cut,First pass,legacy_1000,unknown,"(0.5, 0.6]",1,10.0,7.0,5.61782909269398,0.7,0.561782909269398
Bright Cut,First pass,legacy_1000,unknown,"(0.6, 0.7]",2,12.0,10.0,7.975682259170587,0.8333333333333334,0.6646401882642156
Bright Cut,First pass,legacy_1000,unknown,"(0.7, 0.8]",9,54.0,48.0,41.47289218217017,0.8888888888888888,0.7680165218920402
Bright Cut,First pass,legacy_1000,unknown,"(0.8, 0.9]",6,48.0,48.0,41.75410334561901,1.0,0.8698771530337294
Bright Cut,First pass,legacy_1000,unknown,"(0.9, 1.0]",2,8.0,7.0,7.3801155316003335,0.875,0.9225144414500417
Bright Cut,First pass,legacy_5000,single,"(0.2, 0.3]",1,1.0,0.0,0.2769377291125641,0.0,0.2769377291125641
Bright Cut,First pass,legacy_5000,single,"(0.3, 0.4]",6,17.0,6.0,6.082602893521833,0.35294117647058826,0.35780017020716665
Bright Cut,First pass,legacy_5000,single,"(0.4, 0.5]",2,2.0,1.0,0.8936602866790617,0.5,0.44683014333953086
Bright Cut,First pass,legacy_5000,single,"(0.5, 0.6]",8,58.0,49.0,32.71057161449734,0.8448275862068966,0.5639753726637472
Bright Cut,First pass,legacy_5000,single,"(0.6, 0.7]",5,24.0,14.0,15.025794060853823,0.5833333333333334,0.626074752535576
Bright Cut,First pass,legacy_5000,single,"(0.7, 0.8]",29,145.0,123.0,107.1972188698759,0.8482758620689655,0.7392911646198338
Bright Cut,First pass,legacy_5000,single,"(0.8, 0.9]",15,53.0,25.0,44.99085294447409,0.4716981132075472,0.8488840178202659
Bright Cut,First pass,legacy_5000,single,"(0.9, 1.0]",9,55.0,43.0,52.149219811703674,0.7818181818181819,0.9481676329400668
Bright Cut,First pass,legacy_5000,team,"(0.6, 0.7]",1,3.0,3.0,1.991994509257017,1.0,0.663998169752339
Bright Cut,First pass,legacy_5000,unknown,"(0.4, 0.5]",3,3.0,0.0,1.2678958960912672,0.0,0.42263196536375575
Bright Cut,First pass,legacy_5000,unknown,"(0.5, 0.6]",1,10.0,7.0,5.61786711690487,0.7,0.561786711690487
Bright Cut,First pass,legacy_5000,unknown,"(0.6, 0.7]",2,12.0,10.0,7.975723571764859,0.8333333333333334,0.6646436309804049
Bright Cut,First pass,legacy_5000,unknown,"(0.7, 0.8]",9,54.0,48.0,41.47304078420114,0.8888888888888888,0.7680192737815026
Bright Cut,First pass,legacy_5000,unknown,"(0.8, 0.9]",6,48.0,48.0,41.754187262192154,1.0,0.8698789012956699
Bright Cut,First pass,legacy_5000,unknown,"(0.9, 1.0]",2,8.0,7.0,7.380124311206506,0.875,0.9225155389008133
Bright Cut,First pass,ridge_expanded_equal_round,single,"(0.1, 0.2]",5,9.0,5.0,1.6746121215537417,0.5555555555555556,0.1860680135059713
Bright Cut,First pass,ridge_expanded_equal_round,single,"(0.2, 0.3]",1,1.0,0.0,0.2001157121993107,0.0,0.2001157121993107
Bright Cut,First pass,ridge_expanded_equal_round,single,"(0.3, 0.4]",3,10.0,2.0,3.2689270467829523,0.2,0.32689270467829523
Bright Cut,First pass,ridge_expanded_equal_round,single,"(0.4, 0.5]",4,8.0,5.0,3.4390424742770023,0.625,0.4298803092846253
Bright Cut,First pass,ridge_expanded_equal_round,single,"(0.5, 0.6]",1,3.0,2.0,1.5319230735941112,0.6666666666666666,0.5106410245313704
Bright Cut,First pass,ridge_expanded_equal_round,single,"(0.6, 0.7]",15,102.0,80.0,64.73559593517905,0.7843137254901961,0.6346627052468534
Bright Cut,First pass,ridge_expanded_equal_round,single,"(0.7, 0.8]",20,94.0,76.0,72.65453120266862,0.8085106382978723,0.7729205447092407
Bright Cut,First pass,ridge_expanded_equal_round,single,"(0.8, 0.9]",20,107.0,77.0,91.00338317549677,0.719626168224299,0.8504989081822127
Bright Cut,First pass,ridge_expanded_equal_round,single,"(0.9, 1.0]",6,21.0,14.0,20.191683690361273,0.6666666666666666,0.9615087471600606
Bright Cut,First pass,ridge_expanded_equal_round,team,"(0.2, 0.3]",1,3.0,3.0,0.7818195215171769,1.0,0.2606065071723923
Bright Cut,First pass,ridge_expanded_equal_round,unknown,"(0.2, 0.3]",1,1.0,0.0,0.2310116346595702,0.0,0.2310116346595702
Bright Cut,First pass,ridge_expanded_equal_round,unknown,"(0.3, 0.4]",2,2.0,0.0,0.6819046427866364,0.0,0.3409523213933182
Bright Cut,First pass,ridge_expanded_equal_round,unknown,"(0.6, 0.7]",1,10.0,7.0,6.914165620809836,0.7,0.6914165620809836
Bright Cut,First pass,ridge_expanded_equal_round,unknown,"(0.7, 0.8]",11,66.0,58.0,50.09226782830534,0.8787878787878788,0.7589737549743233
Bright Cut,First pass,ridge_expanded_equal_round,unknown,"(0.8, 0.9]",5,46.0,46.0,40.963757945345684,1.0,0.8905164770727323
Bright Cut,First pass,ridge_expanded_equal_round,unknown,"(0.9, 1.0]",3,10.0,9.0,9.357047819401423,0.9,0.9357047819401423
Bright Cut,First pass,ridge_expanded_pieces,single,"(0.4, 0.5]",2,6.0,3.0,2.7340610009812423,0.5,0.4556768334968737
Bright Cut,First pass,ridge_expanded_pieces,single,"(0.5, 0.6]",6,15.0,5.0,8.139212335115838,0.3333333333333333,0.5426141556743892
Bright Cut,First pass,ridge_expanded_pieces,single,"(0.6, 0.7]",17,103.0,78.0,66.63929950927947,0.7572815533980582,0.646983490381354
Bright Cut,First pass,ridge_expanded_pieces,single,"(0.7, 0.8]",35,139.0,117.0,105.00605088968382,0.841726618705036,0.7554392150336966
Bright Cut,First pass,ridge_expanded_pieces,single,"(0.8, 0.9]",15,92.0,58.0,75.97772737950254,0.6304347826086957,0.8258448628206798
Bright Cut,First pass,ridge_expanded_pieces,team,"(0.6, 0.7]",1,3.0,3.0,1.8036219049323259,1.0,0.6012073016441086
Bright Cut,First pass,ridge_expanded_pieces,unknown,"(0.6, 0.7]",3,22.0,17.0,15.022588766598016,0.7727272727272727,0.6828449439362735
Bright Cut,First pass,ridge_expanded_pieces,unknown,"(0.7, 0.8]",12,57.0,48.0,44.591913742842166,0.8421052631578947,0.7823142761902134
Bright Cut,First pass,ridge_expanded_pieces,unknown,"(0.8, 0.9]",8,56.0,55.0,47.511660488363106,0.9821428571428571,0.8484225087207697
Bright Cut,First pass,ridge_single_capped,single,"(0.4, 0.5]",2,6.0,3.0,2.7014282281537434,0.5,0.4502380380256239
Bright Cut,First pass,ridge_single_capped,single,"(0.5, 0.6]",6,15.0,5.0,8.074128639692049,0.3333333333333333,0.5382752426461366
Bright Cut,First pass,ridge_single_capped,single,"(0.6, 0.7]",20,112.0,87.0,73.01439596150774,0.7767857142857143,0.6519142496563192
Bright Cut,First pass,ridge_single_capped,single,"(0.7, 0.8]",35,162.0,135.0,122.6052828274467,0.8333333333333334,0.7568227335027574
Bright Cut,First pass,ridge_single_capped,single,"(0.8, 0.9]",12,60.0,31.0,50.20668393109167,0.5166666666666667,0.8367780655181944
Bright Cut,First pass,ridge_single_capped,team,"(0.6, 0.7]",1,3.0,3.0,1.9431452697649108,1.0,0.647715089921637
Bright Cut,First pass,ridge_single_capped,unknown,"(0.6, 0.7]",3,22.0,17.0,13.797667897498865,0.7727272727272727,0.6271667226135847
Bright Cut,First pass,ridge_single_capped,unknown,"(0.7, 0.8]",15,67.0,57.0,49.17400093654083,0.8507462686567164,0.733940312485684
Bright Cut,First pass,ridge_single_capped,unknown,"(0.8, 0.9]",5,46.0,46.0,37.26562717461418,1.0,0.810122329882917
Bright Cut,First pass,ridge_single_equal_round,single,"(0.1, 0.2]",5,9.0,5.0,1.6929411580871216,0.5555555555555556,0.1881045731207913
Bright Cut,First pass,ridge_single_equal_round,single,"(0.2, 0.3]",1,1.0,0.0,0.2060134734225706,0.0,0.2060134734225706
Bright Cut,First pass,ridge_single_equal_round,single,"(0.3, 0.4]",3,10.0,2.0,3.261912358004382,0.2,0.3261912358004382
Bright Cut,First pass,ridge_single_equal_round,single,"(0.4, 0.5]",4,8.0,5.0,3.510338777530981,0.625,0.4387923471913726
Bright Cut,First pass,ridge_single_equal_round,single,"(0.5, 0.6]",4,26.0,18.0,15.277364232678064,0.6923076923076923,0.5875909320260794
Bright Cut,First pass,ridge_single_equal_round,single,"(0.6, 0.7]",11,78.0,63.0,50.22008580218143,0.8076923076923077,0.6438472538741209
Bright Cut,First pass,ridge_single_equal_round,single,"(0.7, 0.8]",21,95.0,77.0,73.45254049320639,0.8105263157894737,0.7731846367705936
Bright Cut,First pass,ridge_single_equal_round,single,"(0.8, 0.9]",20,107.0,77.0,91.12414552397375,0.719626168224299,0.851627528261437
Bright Cut,First pass,ridge_single_equal_round,single,"(0.9, 1.0]",6,21.0,14.0,20.199396096758413,0.6666666666666666,0.9618760046075435
Bright Cut,First pass,ridge_single_equal_round,team,"(0.5, 0.6]",1,3.0,3.0,1.6963422355786166,1.0,0.5654474118595388
Bright Cut,First pass,ridge_single_equal_round,unknown,"(0.1, 0.2]",1,1.0,0.0,0.1502306920570697,0.0,0.1502306920570697
Bright Cut,First pass,ridge_single_equal_round,unknown,"(0.2, 0.3]",2,2.0,0.0,0.4637801553833738,0.0,0.2318900776916869
Bright Cut,First pass,ridge_single_equal_round,unknown,"(0.5, 0.6]",1,10.0,7.0,5.571358992268975,0.7,0.5571358992268974
Bright Cut,First pass,ridge_single_equal_round,unknown,"(0.6, 0.7]",11,66.0,58.0,43.17988878712563,0.8787878787878788,0.6542407391988732
Bright Cut,First pass,ridge_single_equal_round,unknown,"(0.8, 0.9]",7,52.0,52.0,43.08973708972898,1.0,0.8286487901870957
Bright Cut,First pass,ridge_single_equal_round,unknown,"(0.9, 1.0]",1,4.0,3.0,3.7321446777379776,0.75,0.9330361694344944
Bright Cut,First pass,ridge_single_pieces,single,"(0.4, 0.5]",2,6.0,3.0,2.7451345526096707,0.5,0.4575224254349451
Bright Cut,First pass,ridge_single_pieces,single,"(0.5, 0.6]",4,13.0,4.0,6.956447225746749,0.3076923076923077,0.5351113250574422
Bright Cut,First pass,ridge_single_pieces,single,"(0.6, 0.7]",19,105.0,79.0,68.1320512099981,0.7523809523809524,0.648876678190458
Bright Cut,First pass,ridge_single_pieces,single,"(0.7, 0.8]",35,139.0,117.0,105.09249203622161,0.841726618705036,0.756061093785767
Bright Cut,First pass,ridge_single_pieces,single,"(0.8, 0.9]",15,92.0,58.0,75.99594783459864,0.6304347826086957,0.8260429112456373
Bright Cut,First pass,ridge_single_pieces,team,"(0.6, 0.7]",1,3.0,3.0,1.9785831943709131,1.0,0.6595277314569711
Bright Cut,First pass,ridge_single_pieces,unknown,"(0.6, 0.7]",3,22.0,17.0,13.867611376364163,0.7727272727272727,0.6303459716529165
Bright Cut,First pass,ridge_single_pieces,unknown,"(0.7, 0.8]",13,59.0,50.0,43.83485988596662,0.847457627118644,0.7429637268807903
Bright Cut,First pass,ridge_single_pieces,unknown,"(0.8, 0.9]",7,54.0,53.0,44.10340774910735,0.9814814814814815,0.8167297731316175
Polishing,First pass,group_only_all,single,"(0.1, 0.2]",33,235.0,114.0,43.257664805192256,0.4851063829787234,0.18407516938379684
Polishing,First pass,group_only_all,single,"(0.2, 0.3]",25,214.0,106.0,63.741600562341645,0.4953271028037383,0.29785794655299835
Polishing,First pass,group_only_all,single,"(0.3, 0.4]",54,425.0,175.0,152.82088738079207,0.4117647058823529,0.35957855854304016
Polishing,First pass,group_only_all,single,"(0.4, 0.5]",121,581.0,265.0,271.79291441455206,0.45611015490533563,0.46780191809733573
Polishing,First pass,group_only_all,single,"(0.5, 0.6]",99,592.0,366.0,322.92367673971467,0.6182432432432432,0.5454791836819505
Polishing,First pass,group_only_all,single,"(0.6, 0.7]",4,53.0,43.0,34.43416507049584,0.8113207547169812,0.6497012277452044
Polishing,First pass,group_only_all,single,"(0.7, 0.8]",9,126.0,126.0,99.41502298952703,1.0,0.7890081189645003
Polishing,First pass,group_only_all,single,"(0.8, 0.9]",2,94.0,94.0,80.32452353506216,1.0,0.8545162078198102
Polishing,First pass,group_only_all,single,"(0.9, 1.0]",21,4333.0,4273.0,4208.977211708969,0.9861527809831525,0.9713771547908998
Polishing,First pass,group_only_all,team,"(0.4, 0.5]",1,4.0,4.0,1.9444173817933863,1.0,0.4861043454483466
Polishing,First pass,group_only_all,unknown,"(0.1, 0.2]",48,420.0,75.0,72.26801487509769,0.17857142857142858,0.17206670208356592
Polishing,First pass,group_only_all,unknown,"(0.2, 0.3]",2,14.0,0.0,4.174304795644413,0.0,0.2981646282603152
Polishing,First pass,group_only_all,unknown,"(0.3, 0.4]",6,31.0,0.0,10.527476050032234,0.0,0.33959600161394304
Polishing,First pass,group_only_all,unknown,"(0.4, 0.5]",71,301.0,108.0,132.01325644661947,0.3588039867109635,0.4385822473309617
Polishing,First pass,group_only_all,unknown,"(0.5, 0.6]",29,126.0,62.0,69.17955009680865,0.49206349206349204,0.5490440483873703
Polishing,First pass,group_only_all,unknown,"(0.6, 0.7]",3,45.0,36.0,29.895644816588256,0.8,0.6643476625908501
Polishing,First pass,group_only_all,unknown,"(0.8, 0.9]",1,67.0,0.0,57.252585923927285,0.0,0.8545162078198102
Polishing,First pass,legacy_1000,single,"(-0.001, 0.1]",30,185.0,73.0,11.54930296368987,0.3945945945945946,0.06242866466859389
Polishing,First pass,legacy_1000,single,"(0.1, 0.2]",45,301.0,95.0,45.10175206049169,0.31561461794019935,0.14983970784216508
Polishing,First pass,legacy_1000,single,"(0.2, 0.3]",42,283.0,139.0,69.50853979619997,0.4911660777385159,0.24561321482756174
Polishing,First pass,legacy_1000,single,"(0.3, 0.4]",60,407.0,199.0,138.38015856925196,0.48894348894348894,0.3400003896050417
Polishing,First pass,legacy_1000,single,"(0.4, 0.5]",48,273.0,137.0,124.36557487028335,0.5018315018315018,0.4555515563014042
Polishing,First pass,legacy_1000,single,"(0.5, 0.6]",37,186.0,98.0,102.1218158552197,0.5268817204301075,0.5490420207269876
Polishing,First pass,legacy_1000,single,"(0.6, 0.7]",28,152.0,101.0,98.67344415399296,0.6644736842105263,0.6491673957499536
Polishing,First pass,legacy_1000,single,"(0.7, 0.8]",30,220.0,157.0,163.6361991878045,0.7136363636363636,0.7438009053991114
Polishing,First pass,legacy_1000,single,"(0.8, 0.9]",18,161.0,147.0,138.30304227698454,0.9130434782608695,0.859025107310463
Polishing,First pass,legacy_1000,single,"(0.9, 1.0]",30,4485.0,4416.0,4436.1964651874805,0.9846153846153847,0.9891184983695609
Polishing,First pass,legacy_1000,team,"(0.5, 0.6]",1,4.0,4.0,2.248033845993604,1.0,0.562008461498401
Polishing,First pass,legacy_1000,unknown,"(-0.001, 0.1]",10,96.0,32.0,5.062591783914631,0.3333333333333333,0.052735331082444076
Polishing,First pass,legacy_1000,unknown,"(0.1, 0.2]",52,361.0,43.0,41.20037117799562,0.11911357340720222,0.11412845201660837
Polishing,First pass,legacy_1000,unknown,"(0.2, 0.3]",14,39.0,9.0,8.992444554951614,0.23076923076923078,0.23057550140901575
Polishing,First pass,legacy_1000,unknown,"(0.3, 0.4]",21,135.0,65.0,47.07828938686283,0.48148148148148145,0.3487280695323172
Polishing,First pass,legacy_1000,unknown,"(0.4, 0.5]",34,179.0,72.0,81.19689006711397,0.4022346368715084,0.4536139109894635
Polishing,First pass,legacy_1000,unknown,"(0.5, 0.6]",11,36.0,6.0,19.97097147130592,0.16666666666666666,0.5547492075362755
Polishing,First pass,legacy_1000,unknown,"(0.6, 0.7]",2,10.0,8.0,6.462298651530734,0.8,0.6462298651530733
Polishing,First pass,legacy_1000,unknown,"(0.7, 0.8]",5,9.0,1.0,6.986693092170103,0.1111111111111111,0.7762992324633449
Polishing,First pass,legacy_1000,unknown,"(0.8, 0.9]",8,54.0,37.0,47.0337505966737,0.6851851851851852,0.8709953814198833
Polishing,First pass,legacy_1000,unknown,"(0.9, 1.0]",3,85.0,8.0,82.54729462121267,0.09411764705882353,0.971144642602502
Polishing,First pass,legacy_5000,single,"(-0.001, 0.1]",30,185.0,73.0,11.544828197077967,0.3945945945945946,0.06240447674096199
Polishing,First pass,legacy_5000,single,"(0.1, 0.2]",45,301.0,95.0,45.08591666592819,0.31561461794019935,0.14978709855790096
Polishing,First pass,legacy_5000,single,"(0.2, 0.3]",42,283.0,139.0,69.48682969875233,0.4911660777385159,0.24553650070230507
Polishing,First pass,legacy_5000,single,"(0.3, 0.4]",60,407.0,199.0,138.34235326684563,0.48894348894348894,0.3399075018841416
Polishing,First pass,legacy_5000,single,"(0.4, 0.5]",48,273.0,137.0,124.33753610943003,0.5018315018315018,0.45544885021769244
Polishing,First pass,legacy_5000,single,"(0.5, 0.6]",37,186.0,98.0,102.10276476242348,0.5268817204301075,0.5489395954969004
Polishing,First pass,legacy_5000,single,"(0.6, 0.7]",28,152.0,101.0,98.65910826294146,0.6644736842105263,0.6490730806772465
Polishing,First pass,legacy_5000,single,"(0.7, 0.8]",30,220.0,157.0,163.61887786643263,0.7136363636363636,0.7437221721201484
Polishing,First pass,legacy_5000,single,"(0.8, 0.9]",18,161.0,147.0,138.29501157177165,0.9130434782608695,0.8589752271538612
Polishing,First pass,legacy_5000,single,"(0.9, 1.0]",30,4485.0,4416.0,4436.176591782939,0.9846153846153847,0.9891140672871659
Polishing,First pass,legacy_5000,team,"(0.5, 0.6]",1,4.0,4.0,2.247624898854743,1.0,0.5619062247136858
Polishing,First pass,legacy_5000,unknown,"(-0.001, 0.1]",10,96.0,32.0,5.060604815439899,0.3333333333333333,0.052714633494165615
Polishing,First pass,legacy_5000,unknown,"(0.1, 0.2]",52,361.0,43.0,41.185247311867606,0.11911357340720222,0.11408655765060279
Polishing,First pass,legacy_5000,unknown,"(0.2, 0.3]",14,39.0,9.0,8.989582537954664,0.23076923076923078,0.2305021163578119
Polishing,First pass,legacy_5000,unknown,"(0.3, 0.4]",21,135.0,65.0,47.06556769679961,0.48148148148148145,0.3486338347911082
Polishing,First pass,legacy_5000,unknown,"(0.4, 0.5]",34,179.0,72.0,81.17856546972926,0.4022346368715084,0.453511538937035
Polishing,First pass,legacy_5000,unknown,"(0.5, 0.6]",11,36.0,6.0,19.967284765641864,0.16666666666666666,0.5546467990456073
Polishing,First pass,legacy_5000,unknown,"(0.6, 0.7]",2,10.0,8.0,6.46134922362629,0.8,0.646134922362629
Polishing,First pass,legacy_5000,unknown,"(0.7, 0.8]",5,9.0,1.0,6.986045308799619,0.1111111111111111,0.7762272565332909
Polishing,First pass,legacy_5000,unknown,"(0.8, 0.9]",8,54.0,37.0,47.03123179898114,0.6851851851851852,0.8709487370181692
Polishing,First pass,legacy_5000,unknown,"(0.9, 1.0]",3,85.0,8.0,82.54634463871253,0.09411764705882353,0.9711334663377944
Polishing,First pass,ridge_expanded_equal_round,single,"(-0.001, 0.1]",36,179.0,47.0,10.781596816213298,0.26256983240223464,0.060232384448118986
Polishing,First pass,ridge_expanded_equal_round,single,"(0.1, 0.2]",52,367.0,158.0,55.640899827466626,0.4305177111716621,0.15161008127375103
Polishing,First pass,ridge_expanded_equal_round,single,"(0.2, 0.3]",41,296.0,154.0,71.82184201035243,0.5202702702702703,0.24264135814308252
Polishing,First pass,ridge_expanded_equal_round,single,"(0.3, 0.4]",43,316.0,122.0,106.79470182524474,0.3860759493670886,0.33795791716849605
Polishing,First pass,ridge_expanded_equal_round,single,"(0.4, 0.5]",40,256.0,125.0,114.9159098864193,0.48828125,0.4488902729938254
Polishing,First pass,ridge_expanded_equal_round,single,"(0.5, 0.6]",54,227.0,143.0,126.28719437364107,0.6299559471365639,0.5563312527473175
Polishing,First pass,ridge_expanded_equal_round,single,"(0.6, 0.7]",19,142.0,81.0,89.94612361938798,0.5704225352112676,0.6334234057703378
Polishing,First pass,ridge_expanded_equal_round,single,"(0.7, 0.8]",31,210.0,159.0,155.66979625726907,0.7571428571428571,0.7412847440822337
Polishing,First pass,ridge_expanded_equal_round,single,"(0.8, 0.9]",24,343.0,320.0,295.9100551842416,0.9329446064139941,0.8627115311493925
Polishing,First pass,ridge_expanded_equal_round,single,"(0.9, 1.0]",28,4317.0,4253.0,4170.3895936464705,0.9851748899698864,0.9660388217851449
Polishing,First pass,ridge_expanded_equal_round,team,"(0.7, 0.8]",1,4.0,4.0,2.8680962629158113,1.0,0.7170240657289528
Polishing,First pass,ridge_expanded_equal_round,unknown,"(-0.001, 0.1]",7,90.0,32.0,5.599996664190646,0.35555555555555557,0.06222218515767384
Polishing,First pass,ridge_expanded_equal_round,unknown,"(0.1, 0.2]",19,31.0,6.0,4.818183433032649,0.1935483870967742,0.15542527203331127
Polishing,First pass,ridge_expanded_equal_round,unknown,"(0.2, 0.3]",48,368.0,43.0,84.21350081401285,0.11684782608695653,0.22884103482068707
Polishing,First pass,ridge_expanded_equal_round,unknown,"(0.3, 0.4]",11,38.0,9.0,12.78640493081489,0.23684210526315788,0.33648434028460233
Polishing,First pass,ridge_expanded_equal_round,unknown,"(0.4, 0.5]",5,50.0,35.0,22.35775274938193,0.7,0.44715505498763863
Polishing,First pass,ridge_expanded_equal_round,unknown,"(0.5, 0.6]",31,158.0,58.0,85.16043944497582,0.3670886075949367,0.5389901230694673
Polishing,First pass,ridge_expanded_equal_round,unknown,"(0.6, 0.7]",14,82.0,40.0,52.47423647775492,0.4878048780487805,0.6399297131433527
Polishing,First pass,ridge_expanded_equal_round,unknown,"(0.7, 0.8]",5,25.0,3.0,17.60245610785306,0.12,0.7040982443141225
Polishing,First pass,ridge_expanded_equal_round,unknown,"(0.8, 0.9]",14,82.0,50.0,72.43421742684124,0.6097560975609756,0.8833441149614786
Polishing,First pass,ridge_expanded_equal_round,unknown,"(0.9, 1.0]",6,80.0,5.0,75.23100660870762,0.0625,0.9403875826088453
Polishing,First pass,ridge_expanded_pieces,single,"(-0.001, 0.1]",3,6.0,3.0,0.4976384353260344,0.5,0.08293973922100574
Polishing,First pass,ridge_expanded_pieces,single,"(0.1, 0.2]",40,294.0,90.0,45.37705698800172,0.30612244897959184,0.15434373125170653
Polishing,First pass,ridge_expanded_pieces,single,"(0.2, 0.3]",32,241.0,102.0,60.519706498808766,0.42323651452282157,0.25111911410294097
Polishing,First pass,ridge_expanded_pieces,single,"(0.3, 0.4]",73,518.0,264.0,183.1383735052804,0.5096525096525096,0.35354898360092746
Polishing,First pass,ridge_expanded_pieces,single,"(0.4, 0.5]",68,349.0,167.0,155.9625199933954,0.4785100286532951,0.4468840114423937
Polishing,First pass,ridge_expanded_pieces,single,"(0.5, 0.6]",68,412.0,255.0,225.20404373936987,0.6189320388349514,0.546611756648956
Polishing,First pass,ridge_expanded_pieces,single,"(0.6, 0.7]",38,236.0,157.0,151.75490917312692,0.6652542372881356,0.6430292761573174
Polishing,First pass,ridge_expanded_pieces,single,"(0.7, 0.8]",20,268.0,255.0,209.67217080471403,0.9514925373134329,0.7823588462862464
Polishing,First pass,ridge_expanded_pieces,single,"(0.8, 0.9]",4,60.0,60.0,49.74610380798283,1.0,0.8291017301330471
Polishing,First pass,ridge_expanded_pieces,single,"(0.9, 1.0]",22,4269.0,4209.0,4187.568624124623,0.9859451862262825,0.9809249529455665
Polishing,First pass,ridge_expanded_pieces,team,"(0.5, 0.6]",1,4.0,4.0,2.3650395609596995,1.0,0.5912598902399249
Polishing,First pass,ridge_expanded_pieces,unknown,"(0.2, 0.3]",48,420.0,75.0,106.45654869471475,0.17857142857142858,0.2534679730826542
Polishing,First pass,ridge_expanded_pieces,unknown,"(0.3, 0.4]",6,36.0,0.0,12.866846638915655,0.0,0.357412406636546
Polishing,First pass,ridge_expanded_pieces,unknown,"(0.4, 0.5]",9,24.0,3.0,10.848218834963033,0.125,0.45200911812345973
Polishing,First pass,ridge_expanded_pieces,unknown,"(0.5, 0.6]",72,307.0,119.0,173.16080231275495,0.38762214983713356,0.5640417013444786
Polishing,First pass,ridge_expanded_pieces,unknown,"(0.6, 0.7]",22,110.0,53.0,69.86602209627056,0.4818181818181818,0.6351456554206414
Polishing,First pass,ridge_expanded_pieces,unknown,"(0.7, 0.8]",2,40.0,31.0,30.859561039817525,0.775,0.7714890259954381
Polishing,First pass,ridge_expanded_pieces,unknown,"(0.9, 1.0]",1,67.0,0.0,62.510961594940106,0.0,0.9329994267901508
Polishing,First pass,ridge_single_capped,single,"(-0.001, 0.1]",27,186.0,74.0,13.349926757309317,0.3978494623655914,0.0717737997704802
Polishing,First pass,ridge_single_capped,single,"(0.1, 0.2]",40,272.0,86.0,42.86186534910704,0.3161764705882353,0.15758038731289353
Polishing,First pass,ridge_single_capped,single,"(0.2, 0.3]",47,310.0,148.0,76.47702369504039,0.4774193548387097,0.24670007643561415
Polishing,First pass,ridge_single_capped,single,"(0.3, 0.4]",62,395.0,180.0,139.72292753546506,0.45569620253164556,0.3537289304695318
Polishing,First pass,ridge_single_capped,single,"(0.4, 0.5]",56,322.0,166.0,148.87001133835872,0.515527950310559,0.462329227758878
Polishing,First pass,ridge_single_capped,single,"(0.5, 0.6]",38,180.0,93.0,98.46412528138433,0.5166666666666667,0.5470229182299129
Polishing,First pass,ridge_single_capped,single,"(0.6, 0.7]",31,225.0,177.0,145.74952598244772,0.7866666666666666,0.647775671033101
Polishing,First pass,ridge_single_capped,single,"(0.7, 0.8]",21,135.0,97.0,101.29189175170822,0.7185185185185186,0.7503103092719128
Polishing,First pass,ridge_single_capped,single,"(0.8, 0.9]",23,389.0,362.0,332.7387639729259,0.9305912596401028,0.8553695731951823
Polishing,First pass,ridge_single_capped,single,"(0.9, 1.0]",23,4239.0,4179.0,4102.49777392334,0.9858457183297947,0.9677984840583487
Polishing,First pass,ridge_single_capped,team,"(0.6, 0.7]",1,4.0,4.0,2.4533204846916843,1.0,0.6133301211729211
Polishing,First pass,ridge_single_capped,unknown,"(-0.001, 0.1]",9,95.0,32.0,5.004186836956755,0.3368421052631579,0.052675650915334264
Polishing,First pass,ridge_single_capped,unknown,"(0.1, 0.2]",44,348.0,43.0,43.50558610746519,0.1235632183908046,0.12501605203294594
Polishing,First pass,ridge_single_capped,unknown,"(0.2, 0.3]",22,52.0,8.0,12.970807424175783,0.15384615384615385,0.24943860431107276
Polishing,First pass,ridge_single_capped,unknown,"(0.3, 0.4]",23,138.0,68.0,48.89883979211953,0.4927536231884058,0.35433941878347486
Polishing,First pass,ridge_single_capped,unknown,"(0.4, 0.5]",25,110.0,32.0,47.942642949678415,0.2909090909090909,0.43584220863344014
Polishing,First pass,ridge_single_capped,unknown,"(0.5, 0.6]",20,104.0,45.0,54.72377858941163,0.4326923076923077,0.5261901787443426
Polishing,First pass,ridge_single_capped,unknown,"(0.6, 0.7]",2,10.0,8.0,6.4445474317953435,0.8,0.6444547431795343
Polishing,First pass,ridge_single_capped,unknown,"(0.7, 0.8]",8,16.0,0.0,12.014463050104467,0.0,0.7509039406315292
Polishing,First pass,ridge_single_capped,unknown,"(0.8, 0.9]",6,64.0,45.0,52.3494513443684,0.703125,0.8179601772557562
Polishing,First pass,ridge_single_capped,unknown,"(0.9, 1.0]",1,67.0,0.0,60.71754082993968,0.0,0.9062319526856668
Polishing,First pass,ridge_single_equal_round,single,"(-0.001, 0.1]",36,179.0,47.0,10.798292547315182,0.26256983240223464,0.06032565668891163
Polishing,First pass,ridge_single_equal_round,single,"(0.1, 0.2]",53,376.0,158.0,56.512240371251195,0.42021276595744683,0.15029851162566807
Polishing,First pass,ridge_single_equal_round,single,"(0.2, 0.3]",42,307.0,171.0,74.81926361401348,0.5570032573289903,0.24371095639743803
Polishing,First pass,ridge_single_equal_round,single,"(0.3, 0.4]",43,316.0,112.0,107.77427622978894,0.35443037974683544,0.3410578361702182
Polishing,First pass,ridge_single_equal_round,single,"(0.4, 0.5]",39,240.0,122.0,107.60245459690424,0.5083333333333333,0.4483435608204343
Polishing,First pass,ridge_single_equal_round,single,"(0.5, 0.6]",52,224.0,140.0,124.24551670065625,0.625,0.5546674852707868
Polishing,First pass,ridge_single_equal_round,single,"(0.6, 0.7]",24,190.0,124.0,122.75350236401478,0.6526315789473685,0.646071065073762
Polishing,First pass,ridge_single_equal_round,single,"(0.7, 0.8]",28,167.0,121.0,125.01957923329115,0.7245508982035929,0.7486202349298872
Polishing,First pass,ridge_single_equal_round,single,"(0.8, 0.9]",23,337.0,314.0,290.5413576633127,0.9317507418397626,0.8621405271908388
Polishing,First pass,ridge_single_equal_round,single,"(0.9, 1.0]",28,4317.0,4253.0,4170.782627031996,0.9851748899698864,0.9661298649599248
Polishing,First pass,ridge_single_equal_round,team,"(0.7, 0.8]",1,4.0,4.0,2.865857356251055,1.0,0.7164643390627637
Polishing,First pass,ridge_single_equal_round,unknown,"(-0.001, 0.1]",18,107.0,33.0,4.584903798913781,0.308411214953271,0.04284956821414749
Polishing,First pass,ridge_single_equal_round,unknown,"(0.1, 0.2]",56,382.0,48.0,56.51441299116143,0.1256544502617801,0.1479434895056582
Polishing,First pass,ridge_single_equal_round,unknown,"(0.2, 0.3]",11,38.0,9.0,8.656137057986006,0.23684210526315788,0.22779308047331595
Polishing,First pass,ridge_single_equal_round,unknown,"(0.3, 0.4]",22,155.0,60.0,56.103145561452365,0.3870967741935484,0.3619557778158217
Polishing,First pass,ridge_single_equal_round,unknown,"(0.4, 0.5]",17,58.0,35.0,26.355238525990202,0.603448275862069,0.4544006642412104
Polishing,First pass,ridge_single_equal_round,unknown,"(0.5, 0.6]",15,101.0,40.0,52.80519907962051,0.39603960396039606,0.5228237532635693
Polishing,First pass,ridge_single_equal_round,unknown,"(0.6, 0.7]",1,1.0,1.0,0.6254359714795102,1.0,0.6254359714795102
Polishing,First pass,ridge_single_equal_round,unknown,"(0.7, 0.8]",10,24.0,11.0,18.545166032892972,0.4583333333333333,0.7727152513705405
Polishing,First pass,ridge_single_equal_round,unknown,"(0.8, 0.9]",5,125.0,39.0,108.30629914643293,0.312,0.8664503931714634
Polishing,First pass,ridge_single_equal_round,unknown,"(0.9, 1.0]",5,13.0,5.0,12.169628264340986,0.38461538461538464,0.9361252511031528
Polishing,First pass,ridge_single_pieces,single,"(-0.001, 0.1]",3,6.0,3.0,0.4983151402708848,0.5,0.0830525233784808
Polishing,First pass,ridge_single_pieces,single,"(0.1, 0.2]",41,298.0,94.0,46.175720368278064,0.31543624161073824,0.1549520817727452
Polishing,First pass,ridge_single_pieces,single,"(0.2, 0.3]",35,277.0,114.0,69.7964374617958,0.41155234657039713,0.2519726984180354
Polishing,First pass,ridge_single_pieces,single,"(0.3, 0.4]",69,478.0,248.0,169.47458854739537,0.5188284518828452,0.35454934842551333
Polishing,First pass,ridge_single_pieces,single,"(0.4, 0.5]",70,360.0,172.0,161.2058874073843,0.4777777777777778,0.4477941316871786
Polishing,First pass,ridge_single_pieces,single,"(0.5, 0.6]",67,405.0,254.0,222.00386132398853,0.6271604938271605,0.5481576822814531
Polishing,First pass,ridge_single_pieces,single,"(0.6, 0.7]",37,232.0,153.0,149.2537891029643,0.6594827586206896,0.6433352978576048
Polishing,First pass,ridge_single_pieces,single,"(0.7, 0.8]",19,110.0,97.0,83.56563208354375,0.8818181818181818,0.7596875643958523
Polishing,First pass,ridge_single_pieces,single,"(0.8, 0.9]",5,218.0,218.0,176.26246150530613,1.0,0.8085434014004869
Polishing,First pass,ridge_single_pieces,single,"(0.9, 1.0]",22,4269.0,4209.0,4187.5343714069595,0.9859451862262825,0.9809169293527663
Polishing,First pass,ridge_single_pieces,team,"(0.5, 0.6]",1,4.0,4.0,2.3608419896787796,1.0,0.5902104974196949
Polishing,First pass,ridge_single_pieces,unknown,"(0.1, 0.2]",48,420.0,75.0,78.63223184561885,0.17857142857142858,0.18721959963242582
Polishing,First pass,ridge_single_pieces,unknown,"(0.2, 0.3]",6,36.0,0.0,9.739464151816083,0.0,0.2705406708837801
Polishing,First pass,ridge_single_pieces,unknown,"(0.3, 0.4]",6,19.0,2.0,6.587175585763544,0.10526315789473684,0.3466934518822918
Polishing,First pass,ridge_single_pieces,unknown,"(0.4, 0.5]",73,302.0,112.0,140.56514751259735,0.3708609271523179,0.46544750831985876
Polishing,First pass,ridge_single_pieces,unknown,"(0.5, 0.6]",24,120.0,61.0,64.12459251660476,0.5083333333333333,0.5343716043050397
Polishing,First pass,ridge_single_pieces,unknown,"(0.6, 0.7]",2,40.0,31.0,27.786586652295707,0.775,0.6946646663073927
Polishing,First pass,ridge_single_pieces,unknown,"(0.9, 1.0]",1,67.0,0.0,60.51785517919416,0.0,0.9032515698387188
Polishing,Rework,group_only_all,single,"(0.5, 0.6]",2,4.0,0.0,2.1132426194022393,0.0,0.5283106548505598
Polishing,Rework,group_only_all,single,"(0.6, 0.7]",4,32.0,32.0,22.143352414648565,1.0,0.6919797629577676
Polishing,Rework,group_only_all,single,"(0.7, 0.8]",32,141.0,129.0,107.06257886608552,0.9148936170212766,0.7593090699722377
Polishing,Rework,group_only_all,single,"(0.8, 0.9]",16,61.0,61.0,51.3520759353984,1.0,0.8418373104163672
Polishing,Rework,group_only_all,unknown,"(0.5, 0.6]",9,17.0,7.0,8.99052059693072,0.4117647058823529,0.5288541527606306
Polishing,Rework,group_only_all,unknown,"(0.6, 0.7]",48,315.0,285.0,211.57795618998583,0.9047619047619048,0.6716760513967804
Polishing,Rework,group_only_all,unknown,"(0.7, 0.8]",160,611.0,517.0,463.8905680379499,0.8461538461538461,0.7592316989164483
Polishing,Rework,group_only_all,unknown,"(0.8, 0.9]",147,596.0,524.0,504.9462194518518,0.8791946308724832,0.8472252004225701
Polishing,Rework,group_only_all,unknown,"(0.9, 1.0]",14,60.0,60.0,55.44697149100805,1.0,0.9241161915168008
Polishing,Rework,legacy_1000,single,"(0.3, 0.4]",3,13.0,9.0,4.097428519431163,0.6923076923076923,0.31518680918701253
Polishing,Rework,legacy_1000,single,"(0.5, 0.6]",9,34.0,33.0,19.527760832642407,0.9705882352941176,0.5743459068424237
Polishing,Rework,legacy_1000,single,"(0.6, 0.7]",9,42.0,34.0,27.942090414093276,0.8095238095238095,0.6652878670022209
Polishing,Rework,legacy_1000,single,"(0.7, 0.8]",15,49.0,49.0,37.35448560701225,1.0,0.7623364409594336
Polishing,Rework,legacy_1000,single,"(0.8, 0.9]",14,92.0,89.0,77.06746836966103,0.967391304347826,0.8376898735832721
Polishing,Rework,legacy_1000,single,"(0.9, 1.0]",4,8.0,8.0,7.56482706795589,1.0,0.9456033834944862
Polishing,Rework,legacy_1000,unknown,"(0.7, 0.8]",307,1428.0,1240.0,1040.2843092914848,0.8683473389355743,0.728490412669107
Polishing,Rework,legacy_1000,unknown,"(0.8, 0.9]",63,158.0,142.0,139.15235567333747,0.8987341772151899,0.8807111118565663
Polishing,Rework,legacy_1000,unknown,"(0.9, 1.0]",8,13.0,11.0,12.103294977161543,0.8461538461538461,0.9310226905508879
Polishing,Rework,legacy_5000,single,"(0.3, 0.4]",3,13.0,9.0,4.097428519431163,0.6923076923076923,0.31518680918701253
Polishing,Rework,legacy_5000,single,"(0.5, 0.6]",9,34.0,33.0,19.527760832642407,0.9705882352941176,0.5743459068424237
Polishing,Rework,legacy_5000,single,"(0.6, 0.7]",9,42.0,34.0,27.942090414093276,0.8095238095238095,0.6652878670022209
Polishing,Rework,legacy_5000,single,"(0.7, 0.8]",15,49.0,49.0,37.35448560701225,1.0,0.7623364409594336
Polishing,Rework,legacy_5000,single,"(0.8, 0.9]",14,92.0,89.0,77.06746836966103,0.967391304347826,0.8376898735832721
Polishing,Rework,legacy_5000,single,"(0.9, 1.0]",4,8.0,8.0,7.56482706795589,1.0,0.9456033834944862
Polishing,Rework,legacy_5000,unknown,"(0.7, 0.8]",307,1428.0,1240.0,1040.2843092914848,0.8683473389355743,0.728490412669107
Polishing,Rework,legacy_5000,unknown,"(0.8, 0.9]",63,158.0,142.0,139.15235567333747,0.8987341772151899,0.8807111118565663
Polishing,Rework,legacy_5000,unknown,"(0.9, 1.0]",8,13.0,11.0,12.103294977161543,0.8461538461538461,0.9310226905508879
Polishing,Rework,ridge_expanded_equal_round,single,"(0.2, 0.3]",2,4.0,0.0,0.8846626344129344,0.0,0.2211656586032336
Polishing,Rework,ridge_expanded_equal_round,single,"(0.5, 0.6]",3,6.0,3.0,3.269311316227556,0.5,0.5448852193712593
Polishing,Rework,ridge_expanded_equal_round,single,"(0.6, 0.7]",5,27.0,27.0,17.069220284363503,1.0,0.6321933438653149
Polishing,Rework,ridge_expanded_equal_round,single,"(0.7, 0.8]",22,113.0,111.0,85.95216465749742,0.9823008849557522,0.7606386252875877
Polishing,Rework,ridge_expanded_equal_round,single,"(0.8, 0.9]",22,88.0,81.0,73.4390849728392,0.9204545454545454,0.8345350565095363
Polishing,Rework,ridge_expanded_equal_round,unknown,"(0.5, 0.6]",8,16.0,6.0,8.35287153363162,0.375,0.5220544708519762
Polishing,Rework,ridge_expanded_equal_round,unknown,"(0.6, 0.7]",31,54.0,39.0,35.22801534634033,0.7222222222222222,0.6523706545618579
Polishing,Rework,ridge_expanded_equal_round,unknown,"(0.7, 0.8]",87,456.0,411.0,340.18051938160414,0.9013157894736842,0.7460099109245705
Polishing,Rework,ridge_expanded_equal_round,unknown,"(0.8, 0.9]",202,896.0,769.0,755.6518543226192,0.8582589285714286,0.8433614445564946
Polishing,Rework,ridge_expanded_equal_round,unknown,"(0.9, 1.0]",50,177.0,168.0,163.32689794338364,0.9491525423728814,0.9227508358383256
Polishing,Rework,ridge_expanded_pieces,single,"(0.2, 0.3]",2,4.0,0.0,1.0633614987430904,0.0,0.2658403746857726
Polishing,Rework,ridge_expanded_pieces,single,"(0.5, 0.6]",2,19.0,19.0,11.127416278110124,1.0,0.5856534883215855
Polishing,Rework,ridge_expanded_pieces,single,"(0.6, 0.7]",11,51.0,48.0,34.17552185121795,0.9411764705882353,0.6701082715925089
Polishing,Rework,ridge_expanded_pieces,single,"(0.7, 0.8]",32,139.0,130.0,104.60593381560516,0.935251798561151,0.7525606749324112
Polishing,Rework,ridge_expanded_pieces,single,"(0.8, 0.9]",7,25.0,25.0,21.35348750568676,1.0,0.8541395002274704
Polishing,Rework,ridge_expanded_pieces,unknown,"(0.5, 0.6]",7,15.0,6.0,8.258428273418156,0.4,0.5505618848945437
Polishing,Rework,ridge_expanded_pieces,unknown,"(0.6, 0.7]",31,231.0,201.0,157.80636454817915,0.8701298701298701,0.6831444352735028
Polishing,Rework,ridge_expanded_pieces,unknown,"(0.7, 0.8]",147,579.0,502.0,438.58612137016763,0.8670120898100173,0.7574889833681652
Polishing,Rework,ridge_expanded_pieces,unknown,"(0.8, 0.9]",178,713.0,623.0,606.0485218402039,0.8737727910238429,0.8499979268446057
Polishing,Rework,ridge_expanded_pieces,unknown,"(0.9, 1.0]",15,61.0,61.0,56.62484609343218,1.0,0.9282761654661014
Polishing,Rework,ridge_single_capped,single,"(0.3, 0.4]",2,4.0,0.0,1.2503213499166737,0.0,0.3125803374791684
Polishing,Rework,ridge_single_capped,single,"(0.5, 0.6]",1,9.0,9.0,4.756303948174446,1.0,0.5284782164638273
Polishing,Rework,ridge_single_capped,single,"(0.6, 0.7]",13,76.0,73.0,49.212854344759734,0.9605263157894737,0.6475375571678912
Polishing,Rework,ridge_single_capped,single,"(0.7, 0.8]",27,107.0,98.0,79.22932321297688,0.9158878504672897,0.7404609646072605
Polishing,Rework,ridge_single_capped,single,"(0.8, 0.9]",10,40.0,40.0,33.36371141527938,1.0,0.8340927853819846
Polishing,Rework,ridge_single_capped,single,"(0.9, 1.0]",1,2.0,2.0,1.8108596563774793,1.0,0.9054298281887396
Polishing,Rework,ridge_single_capped,unknown,"(0.5, 0.6]",28,99.0,88.0,55.1108217575082,0.8888888888888888,0.5566749672475576
Polishing,Rework,ridge_single_capped,unknown,"(0.6, 0.7]",43,291.0,258.0,181.8087643631791,0.8865979381443299,0.6247723861277633
Polishing,Rework,ridge_single_capped,unknown,"(0.7, 0.8]",214,873.0,752.0,647.1779993253947,0.861397479954181,0.7413264597083559
Polishing,Rework,ridge_single_capped,unknown,"(0.8, 0.9]",93,336.0,295.0,278.0197327532587,0.8779761904761905,0.82743968081327
Polishing,Rework,ridge_single_equal_round,single,"(0.1, 0.2]",2,4.0,0.0,0.7937359086846796,0.0,0.1984339771711699
Polishing,Rework,ridge_single_equal_round,single,"(0.5, 0.6]",1,9.0,9.0,4.867674762630985,1.0,0.5408527514034428
Polishing,Rework,ridge_single_equal_round,single,"(0.6, 0.7]",12,52.0,52.0,34.94283980416241,1.0,0.6719776885415848
Polishing,Rework,ridge_single_equal_round,single,"(0.7, 0.8]",21,88.0,76.0,64.91708047756927,0.8636363636363636,0.7376940963360145
Polishing,Rework,ridge_single_equal_round,single,"(0.8, 0.9]",13,71.0,71.0,59.60593406787955,1.0,0.8395201981391486
Polishing,Rework,ridge_single_equal_round,single,"(0.9, 1.0]",5,14.0,14.0,12.75024297987181,1.0,0.910731641419415
Polishing,Rework,ridge_single_equal_round,unknown,"(0.4, 0.5]",7,15.0,6.0,6.754745795434584,0.4,0.4503163863623056
Polishing,Rework,ridge_single_equal_round,unknown,"(0.5, 0.6]",21,84.0,82.0,50.23276634010563,0.9761904761904762,0.5980091230964956
Polishing,Rework,ridge_single_equal_round,unknown,"(0.6, 0.7]",44,284.0,254.0,189.46746689567888,0.8943661971830986,0.6671389679425312
Polishing,Rework,ridge_single_equal_round,unknown,"(0.7, 0.8]",179,783.0,659.0,590.6110521897542,0.8416347381864623,0.7542925315322532
Polishing,Rework,ridge_single_equal_round,unknown,"(0.8, 0.9]",115,399.0,358.0,337.40590750672243,0.8972431077694235,0.8456288408689785
Polishing,Rework,ridge_single_equal_round,unknown,"(0.9, 1.0]",12,34.0,34.0,31.447256072114357,1.0,0.9249192962386575
Polishing,Rework,ridge_single_pieces,single,"(0.3, 0.4]",2,4.0,0.0,1.2624838074759797,0.0,0.3156209518689949
Polishing,Rework,ridge_single_pieces,single,"(0.5, 0.6]",1,9.0,9.0,4.8117104864899805,1.0,0.5346344984988867
Polishing,Rework,ridge_single_pieces,single,"(0.6, 0.7]",13,76.0,73.0,49.769186436823986,0.9605263157894737,0.6548577162739998
Polishing,Rework,ridge_single_pieces,single,"(0.7, 0.8]",27,107.0,98.0,80.24514902953733,0.9158878504672897,0.7499546638274517
Polishing,Rework,ridge_single_pieces,single,"(0.8, 0.9]",10,40.0,40.0,33.64956669676684,1.0,0.841239167419171
Polishing,Rework,ridge_single_pieces,single,"(0.9, 1.0]",1,2.0,2.0,1.8136437981773457,1.0,0.9068218990886728
Polishing,Rework,ridge_single_pieces,unknown,"(0.5, 0.6]",28,99.0,88.0,55.565085171959055,0.8888888888888888,0.561263486585445
Polishing,Rework,ridge_single_pieces,unknown,"(0.6, 0.7]",41,288.0,255.0,179.8836558932194,0.8854166666666666,0.6245960274070118
Polishing,Rework,ridge_single_pieces,unknown,"(0.7, 0.8]",193,808.0,687.0,600.8655481439764,0.8502475247524752,0.7436454803762085
Polishing,Rework,ridge_single_pieces,unknown,"(0.8, 0.9]",116,404.0,363.0,333.6173718524943,0.8985148514851485,0.8257855738923126
Sanding,First pass,group_only_all,single,"(0.1, 0.2]",136,3370.0,534.0,656.1566062401599,0.15845697329376854,0.1947052244036083
Sanding,First pass,group_only_all,single,"(0.3, 0.4]",156,3717.0,1090.0,1289.9066659952443,0.2932472423997848,0.3470289658313813
Sanding,First pass,group_only_all,single,"(0.4, 0.5]",64,1409.0,598.0,641.0705097695158,0.42441447835344215,0.4549826187150573
Sanding,First pass,group_only_all,single,"(0.5, 0.6]",140,784.0,355.0,426.0171613026702,0.4528061224489796,0.5433892363554467
Sanding,First pass,group_only_all,single,"(0.6, 0.7]",354,2465.0,1514.0,1597.9598009291867,0.6141987829614605,0.6482595541294875
Sanding,First pass,group_only_all,single,"(0.7, 0.8]",40,587.0,474.0,448.47877229782154,0.807495741056218,0.7640183514443297
Sanding,First pass,group_only_all,single,"(0.8, 0.9]",7,455.0,452.0,381.9195310668674,0.9934065934065934,0.839383584762346
Sanding,First pass,group_only_all,single,"(0.9, 1.0]",15,2929.0,2846.0,2672.2147576100874,0.9716626835097303,0.9123300640526075
Sanding,First pass,group_only_all,team,"(0.6, 0.7]",4,14.0,8.0,9.014215063644343,0.5714285714285714,0.6438725045460245
Sanding,First pass,group_only_all,unknown,"(0.1, 0.2]",129,2667.0,352.0,519.2788334844233,0.13198350206224221,0.1947052244036083
Sanding,First pass,group_only_all,unknown,"(0.3, 0.4]",45,774.0,354.0,269.0107496880432,0.4573643410852713,0.3475591081240868
Sanding,First pass,group_only_all,unknown,"(0.4, 0.5]",22,453.0,261.0,203.50956040177184,0.5761589403973509,0.4492484777081056
Sanding,First pass,group_only_all,unknown,"(0.5, 0.6]",23,127.0,42.0,68.37008568927799,0.33070866141732286,0.5383471314116377
Sanding,First pass,group_only_all,unknown,"(0.6, 0.7]",74,310.0,190.0,200.877712091481,0.6129032258064516,0.6479926196499387
Sanding,First pass,group_only_all,unknown,"(0.7, 0.8]",6,165.0,123.0,128.58340384885122,0.7454545454545455,0.7792933566597043
Sanding,First pass,group_only_all,unknown,"(0.8, 0.9]",1,117.0,117.0,94.32214736681614,1.0,0.8061721997163772
Sanding,First pass,legacy_1000,single,"(-0.001, 0.1]",79,1328.0,131.0,100.72456808958546,0.09864457831325302,0.07584681332047098
Sanding,First pass,legacy_1000,single,"(0.1, 0.2]",137,2911.0,748.0,465.8472177055087,0.25695637238062524,0.16002996142408404
Sanding,First pass,legacy_1000,single,"(0.2, 0.3]",113,1799.0,429.0,450.21789298642284,0.23846581434130074,0.25026008503970143
Sanding,First pass,legacy_1000,single,"(0.3, 0.4]",137,2006.0,688.0,686.5943284241791,0.34297108673978066,0.34227035315263166
Sanding,First pass,legacy_1000,single,"(0.4, 0.5]",113,1234.0,620.0,556.8609923813859,0.5024311183144247,0.4512649857223549
Sanding,First pass,legacy_1000,single,"(0.5, 0.6]",81,950.0,428.0,527.915247989343,0.45052631578947366,0.5557002610414137
Sanding,First pass,legacy_1000,single,"(0.6, 0.7]",74,634.0,377.0,410.7494109508801,0.5946372239747634,0.6478697333610096
Sanding,First pass,legacy_1000,single,"(0.7, 0.8]",81,684.0,514.0,514.3501319833647,0.7514619883040936,0.7519738771686618
Sanding,First pass,legacy_1000,single,"(0.8, 0.9]",59,1458.0,1277.0,1248.724467106373,0.8758573388203018,0.8564639692087606
Sanding,First pass,legacy_1000,single,"(0.9, 1.0]",38,2712.0,2651.0,2595.6949083443596,0.9775073746312685,0.9571146417198966
Sanding,First pass,legacy_1000,team,"(0.2, 0.3]",1,1.0,1.0,0.2922649529882223,1.0,0.2922649529882223
Sanding,First pass,legacy_1000,team,"(0.5, 0.6]",2,11.0,7.0,5.7771946326638535,0.6363636363636364,0.5251995120603503
Sanding,First pass,legacy_1000,team,"(0.7, 0.8]",1,2.0,0.0,1.5818189910286184,0.0,0.7909094955143092
Sanding,First pass,legacy_1000,unknown,"(0.1, 0.2]",33,175.0,121.0,25.992654986956072,0.6914285714285714,0.1485294570683204
Sanding,First pass,legacy_1000,unknown,"(0.2, 0.3]",139,2682.0,358.0,583.3019511739809,0.13348247576435496,0.21748767754436277
Sanding,First pass,legacy_1000,unknown,"(0.3, 0.4]",47,1093.0,502.0,414.64371994913313,0.4592863677950595,0.379362964271851
Sanding,First pass,legacy_1000,unknown,"(0.4, 0.5]",14,95.0,38.0,43.84526835785358,0.4,0.46152914060898503
Sanding,First pass,legacy_1000,unknown,"(0.5, 0.6]",49,230.0,159.0,122.60163014886935,0.691304347826087,0.5330505658646494
Sanding,First pass,legacy_1000,unknown,"(0.6, 0.7]",15,218.0,143.0,141.83314529437428,0.6559633027522935,0.6506107582310746
Sanding,First pass,legacy_1000,unknown,"(0.7, 0.8]",3,120.0,118.0,92.55797700943262,0.9833333333333333,0.7713164750786051
Sanding,First pass,legacy_5000,single,"(-0.001, 0.1]",79,1328.0,131.0,100.72067847755388,0.09864457831325302,0.0758438843957484
Sanding,First pass,legacy_5000,single,"(0.1, 0.2]",137,2911.0,748.0,465.83085234074184,0.25695637238062524,0.16002433951932046
Sanding,First pass,legacy_5000,single,"(0.2, 0.3]",113,1799.0,429.0,450.2037809627745,0.23846581434130074,0.2502522406685795
Sanding,First pass,legacy_5000,single,"(0.3, 0.4]",137,2006.0,688.0,686.5753967923522,0.34297108673978066,0.3422609156492284
Sanding,First pass,legacy_5000,single,"(0.4, 0.5]",113,1234.0,620.0,556.8481796210223,0.5024311183144247,0.45125460261022876
Sanding,First pass,legacy_5000,single,"(0.5, 0.6]",81,950.0,428.0,527.9054342190541,0.45052631578947366,0.555689930756899
Sanding,First pass,legacy_5000,single,"(0.6, 0.7]",74,634.0,377.0,410.743341278654,0.5946372239747634,0.647860159745511
Sanding,First pass,legacy_5000,single,"(0.7, 0.8]",81,684.0,514.0,514.3447817191071,0.7514619883040936,0.7519660551448935
Sanding,First pass,legacy_5000,single,"(0.8, 0.9]",59,1458.0,1277.0,1248.716943870289,0.8758573388203018,0.8564588092388814
Sanding,First pass,legacy_5000,single,"(0.9, 1.0]",38,2712.0,2651.0,2595.6903048534696,0.9775073746312685,0.9571129442675035
Sanding,First pass,legacy_5000,team,"(0.2, 0.3]",1,1.0,1.0,0.2922562543147652,1.0,0.2922562543147652
Sanding,First pass,legacy_5000,team,"(0.5, 0.6]",2,11.0,7.0,5.777079532145555,0.6363636363636364,0.5251890483768686
Sanding,First pass,legacy_5000,team,"(0.7, 0.8]",1,2.0,0.0,1.5818050831043338,0.0,0.7909025415521669
Sanding,First pass,legacy_5000,unknown,"(0.1, 0.2]",33,175.0,121.0,25.991727558439496,0.6914285714285714,0.14852415747679712
Sanding,First pass,legacy_5000,unknown,"(0.2, 0.3]",139,2682.0,358.0,583.2827571420784,0.13348247576435496,0.21748052093291512
Sanding,First pass,legacy_5000,unknown,"(0.3, 0.4]",47,1093.0,502.0,414.6329028993091,0.4592863677950595,0.3793530676114447
Sanding,First pass,legacy_5000,unknown,"(0.4, 0.5]",14,95.0,38.0,43.844277796465256,0.4,0.4615187136470027
Sanding,First pass,legacy_5000,unknown,"(0.5, 0.6]",49,230.0,159.0,122.59922325517586,0.691304347826087,0.5330401011094602
Sanding,First pass,legacy_5000,unknown,"(0.6, 0.7]",15,218.0,143.0,141.83106244919892,0.6559633027522935,0.6506012038954079
Sanding,First pass,legacy_5000,unknown,"(0.7, 0.8]",3,120.0,118.0,92.55708713772901,0.9833333333333333,0.7713090594810751
Sanding,First pass,ridge_expanded_equal_round,single,"(-0.001, 0.1]",8,90.0,29.0,8.054824136632556,0.32222222222222224,0.08949804596258396
Sanding,First pass,ridge_expanded_equal_round,single,"(0.1, 0.2]",118,2284.0,245.0,365.8892620526702,0.10726795096322242,0.1601966996727978
Sanding,First pass,ridge_expanded_equal_round,single,"(0.2, 0.3]",159,2675.0,556.0,668.2634320067442,0.20785046728971962,0.24981810542308194
Sanding,First pass,ridge_expanded_equal_round,single,"(0.3, 0.4]",159,2474.0,825.0,855.372285795824,0.33346806790622474,0.34574465876953275
Sanding,First pass,ridge_expanded_equal_round,single,"(0.4, 0.5]",143,1881.0,938.0,841.3671935849476,0.4986709197235513,0.44729781689789877
Sanding,First pass,ridge_expanded_equal_round,single,"(0.5, 0.6]",122,1352.0,898.0,736.8394067507309,0.6642011834319527,0.5449995612061619
Sanding,First pass,ridge_expanded_equal_round,single,"(0.6, 0.7]",109,1532.0,1177.0,993.0589788732054,0.7682767624020888,0.6482108217188025
Sanding,First pass,ridge_expanded_equal_round,single,"(0.7, 0.8]",69,1815.0,1622.0,1347.8128141129655,0.89366391184573,0.7425965917977772
Sanding,First pass,ridge_expanded_equal_round,single,"(0.8, 0.9]",19,807.0,776.0,664.6478715348246,0.9615861214374225,0.8236033104520751
Sanding,First pass,ridge_expanded_equal_round,single,"(0.9, 1.0]",6,806.0,797.0,742.0647440149842,0.988833746898263,0.9206758610607744
Sanding,First pass,ridge_expanded_equal_round,team,"(0.3, 0.4]",1,1.0,1.0,0.3283758965010777,1.0,0.3283758965010777
Sanding,First pass,ridge_expanded_equal_round,team,"(0.4, 0.5]",1,10.0,6.0,4.952758666860297,0.6,0.4952758666860297
Sanding,First pass,ridge_expanded_equal_round,team,"(0.6, 0.7]",1,1.0,1.0,0.6316758126739768,1.0,0.6316758126739768
Sanding,First pass,ridge_expanded_equal_round,team,"(0.7, 0.8]",1,2.0,0.0,1.4479625513766319,0.0,0.7239812756883159
Sanding,First pass,ridge_expanded_equal_round,unknown,"(0.2, 0.3]",129,2667.0,352.0,784.852047401034,0.13198350206224221,0.2942827324338335
Sanding,First pass,ridge_expanded_equal_round,unknown,"(0.3, 0.4]",27,48.0,17.0,16.313543814436088,0.3541666666666667,0.3398654961340852
Sanding,First pass,ridge_expanded_equal_round,unknown,"(0.4, 0.5]",38,760.0,344.0,344.48135116949777,0.45263157894736844,0.4532649357493392
Sanding,First pass,ridge_expanded_equal_round,unknown,"(0.5, 0.6]",33,544.0,284.0,285.1334329314917,0.5220588235294118,0.5241423399475951
Sanding,First pass,ridge_expanded_equal_round,unknown,"(0.6, 0.7]",61,408.0,303.0,261.8079680393121,0.7426470588235294,0.6416861961747845
Sanding,First pass,ridge_expanded_equal_round,unknown,"(0.7, 0.8]",11,185.0,139.0,138.6756741976331,0.7513513513513513,0.7495982389061249
Sanding,First pass,ridge_expanded_equal_round,unknown,"(0.8, 0.9]",1,1.0,0.0,0.8085506924282738,0.0,0.8085506924282738
Sanding,First pass,ridge_expanded_pieces,single,"(-0.001, 0.1]",17,258.0,19.0,18.620135147366952,0.07364341085271318,0.07217106646266261
Sanding,First pass,ridge_expanded_pieces,single,"(0.1, 0.2]",117,2679.0,348.0,410.6608446746733,0.12989921612541994,0.15328885579495083
Sanding,First pass,ridge_expanded_pieces,single,"(0.2, 0.3]",103,2477.0,709.0,616.024081990359,0.28623334679047235,0.2486976511870646
Sanding,First pass,ridge_expanded_pieces,single,"(0.3, 0.4]",113,2118.0,672.0,732.6510084879128,0.31728045325779036,0.345916434602414
Sanding,First pass,ridge_expanded_pieces,single,"(0.4, 0.5]",119,1373.0,653.0,617.282933341506,0.47560087399854334,0.44958698713875167
Sanding,First pass,ridge_expanded_pieces,single,"(0.5, 0.6]",131,950.0,507.0,516.2656642344989,0.5336842105263158,0.5434375412994725
Sanding,First pass,ridge_expanded_pieces,single,"(0.6, 0.7]",137,1191.0,679.0,761.224275488453,0.5701091519731318,0.6391471666569715
Sanding,First pass,ridge_expanded_pieces,single,"(0.7, 0.8]",120,1022.0,753.0,768.1304148512451,0.7367906066536204,0.7515953178583611
Sanding,First pass,ridge_expanded_pieces,single,"(0.8, 0.9]",39,1939.0,1827.0,1655.8385271383395,0.9422382671480144,0.8539652022374108
Sanding,First pass,ridge_expanded_pieces,single,"(0.9, 1.0]",16,1709.0,1696.0,1607.7368524520177,0.9923932124049152,0.9407471342609817
Sanding,First pass,ridge_expanded_pieces,team,"(0.6, 0.7]",3,12.0,8.0,7.645560406510369,0.6666666666666666,0.6371300338758641
Sanding,First pass,ridge_expanded_pieces,team,"(0.7, 0.8]",1,2.0,0.0,1.413847007531389,0.0,0.7069235037656945
Sanding,First pass,ridge_expanded_pieces,unknown,"(0.3, 0.4]",132,2737.0,411.0,903.7626304677855,0.15016441359152358,0.3302019110222088
Sanding,First pass,ridge_expanded_pieces,unknown,"(0.4, 0.5]",20,86.0,61.0,38.474361178532654,0.7093023255813954,0.4473762927736355
Sanding,First pass,ridge_expanded_pieces,unknown,"(0.5, 0.6]",42,881.0,330.0,468.7571531628375,0.3745743473325766,0.5320739536468075
Sanding,First pass,ridge_expanded_pieces,unknown,"(0.6, 0.7]",31,324.0,208.0,208.91477718772822,0.6419753086419753,0.6447986950238526
Sanding,First pass,ridge_expanded_pieces,unknown,"(0.7, 0.8]",72,319.0,197.0,230.7610624063208,0.6175548589341693,0.723388910364642
Sanding,First pass,ridge_expanded_pieces,unknown,"(0.8, 0.9]",3,266.0,232.0,219.67482206036084,0.8721804511278195,0.8258451957156423
Sanding,First pass,ridge_single_capped,single,"(-0.001, 0.1]",9,228.0,9.0,20.978275787333196,0.039473684210526314,0.09200998152339121
Sanding,First pass,ridge_single_capped,single,"(0.1, 0.2]",111,2576.0,336.0,391.0541447205793,0.13043478260869565,0.15180673319898264
Sanding,First pass,ridge_single_capped,single,"(0.2, 0.3]",109,2319.0,495.0,561.6263245436016,0.21345407503234154,0.24218470226114774
Sanding,First pass,ridge_single_capped,single,"(0.3, 0.4]",118,2125.0,674.0,729.8983416003111,0.3171764705882353,0.3434815725177935
Sanding,First pass,ridge_single_capped,single,"(0.4, 0.5]",128,1384.0,659.0,616.1762576265286,0.4761560693641618,0.44521405897870564
Sanding,First pass,ridge_single_capped,single,"(0.5, 0.6]",155,1175.0,608.0,643.9316791321221,0.5174468085106383,0.5480269609635081
Sanding,First pass,ridge_single_capped,single,"(0.6, 0.7]",118,1041.0,682.0,670.9208764875561,0.6551392891450528,0.6444965192003421
Sanding,First pass,ridge_single_capped,single,"(0.7, 0.8]",121,2123.0,1762.0,1610.1840548692846,0.8299576071596797,0.7584475058263235
Sanding,First pass,ridge_single_capped,single,"(0.8, 0.9]",36,1913.0,1815.0,1631.3701450035433,0.9487715629900679,0.8527810480938542
Sanding,First pass,ridge_single_capped,single,"(0.9, 1.0]",7,832.0,823.0,775.6649808730763,0.9891826923076923,0.9322896404724474
Sanding,First pass,ridge_single_capped,team,"(0.4, 0.5]",1,1.0,1.0,0.497956897983691,1.0,0.497956897983691
Sanding,First pass,ridge_single_capped,team,"(0.5, 0.6]",2,11.0,7.0,5.948723180827541,0.6363636363636364,0.5407930164388673
Sanding,First pass,ridge_single_capped,team,"(0.6, 0.7]",1,2.0,0.0,1.2377150623553206,0.0,0.6188575311776603
Sanding,First pass,ridge_single_capped,unknown,"(0.2, 0.3]",150,2773.0,426.0,586.1804214515564,0.15362423368193293,0.21138854001137988
Sanding,First pass,ridge_single_capped,unknown,"(0.3, 0.4]",32,684.0,285.0,243.89388375254768,0.4166666666666667,0.35657000548618084
Sanding,First pass,ridge_single_capped,unknown,"(0.4, 0.5]",24,476.0,264.0,206.61652670022661,0.5546218487394958,0.43406833340383744
Sanding,First pass,ridge_single_capped,unknown,"(0.5, 0.6]",85,391.0,218.0,218.1587150761355,0.5575447570332481,0.5579506779440806
Sanding,First pass,ridge_single_capped,unknown,"(0.6, 0.7]",9,289.0,246.0,193.23544007138455,0.8512110726643599,0.6686347407314344
Sanding,First pass,ridge_single_equal_round,single,"(-0.001, 0.1]",7,88.0,29.0,7.849554523237154,0.32954545454545453,0.08919948321860403
Sanding,First pass,ridge_single_equal_round,single,"(0.1, 0.2]",119,2286.0,245.0,364.92400150428585,0.10717410323709536,0.15963429637107868
Sanding,First pass,ridge_single_equal_round,single,"(0.2, 0.3]",159,2676.0,556.0,667.4434910493082,0.2077727952167414,0.24941834493621384
Sanding,First pass,ridge_single_equal_round,single,"(0.3, 0.4]",160,2474.0,825.0,854.4361965007746,0.33346806790622474,0.34536628799546265
Sanding,First pass,ridge_single_equal_round,single,"(0.4, 0.5]",146,1969.0,1006.0,883.4996266731645,0.5109192483494159,0.44870473675630496
Sanding,First pass,ridge_single_equal_round,single,"(0.5, 0.6]",119,1263.0,830.0,689.3265529123257,0.6571654790182107,0.5457850775236149
Sanding,First pass,ridge_single_equal_round,single,"(0.6, 0.7]",116,1685.0,1306.0,1100.1258972821972,0.7750741839762612,0.6528937075858737
Sanding,First pass,ridge_single_equal_round,single,"(0.7, 0.8]",61,1662.0,1493.0,1240.2438478023869,0.898315282791817,0.7462357688341678
Sanding,First pass,ridge_single_equal_round,single,"(0.8, 0.9]",20,844.0,813.0,696.5706218684594,0.9632701421800948,0.825320642024241
Sanding,First pass,ridge_single_equal_round,single,"(0.9, 1.0]",5,769.0,760.0,708.3488371982185,0.988296488946684,0.9211298273058758
Sanding,First pass,ridge_single_equal_round,team,"(0.2, 0.3]",1,1.0,1.0,0.2640630689710231,1.0,0.2640630689710231
Sanding,First pass,ridge_single_equal_round,team,"(0.4, 0.5]",1,10.0,6.0,4.359657475523653,0.6,0.4359657475523653
Sanding,First pass,ridge_single_equal_round,team,"(0.5, 0.6]",1,1.0,1.0,0.5628589478416492,1.0,0.5628589478416492
Sanding,First pass,ridge_single_equal_round,team,"(0.6, 0.7]",1,2.0,0.0,1.342242249350454,0.0,0.671121124675227
Sanding,First pass,ridge_single_equal_round,unknown,"(0.2, 0.3]",156,2715.0,369.0,578.358409212148,0.13591160220994475,0.21302335514259593
Sanding,First pass,ridge_single_equal_round,unknown,"(0.3, 0.4]",42,952.0,509.0,341.9245367453075,0.5346638655462185,0.3591644293543146
Sanding,First pass,ridge_single_equal_round,unknown,"(0.4, 0.5]",72,566.0,273.0,256.786167195825,0.4823321554770318,0.45368580776647527
Sanding,First pass,ridge_single_equal_round,unknown,"(0.5, 0.6]",18,194.0,149.0,109.8800892292146,0.7680412371134021,0.5663922125217248
Sanding,First pass,ridge_single_equal_round,unknown,"(0.6, 0.7]",11,185.0,139.0,121.52157427181355,0.7513513513513513,0.6568733744422354
Sanding,First pass,ridge_single_equal_round,unknown,"(0.7, 0.8]",1,1.0,0.0,0.7314126802231918,0.0,0.7314126802231918
Sanding,First pass,ridge_single_pieces,single,"(-0.001, 0.1]",17,258.0,19.0,18.341465028591863,0.07364341085271318,0.07109094972322427
Sanding,First pass,ridge_single_pieces,single,"(0.1, 0.2]",117,2679.0,348.0,410.7023211545397,0.12989921612541994,0.15330433787030223
Sanding,First pass,ridge_single_pieces,single,"(0.2, 0.3]",103,2477.0,709.0,615.3236667274232,0.28623334679047235,0.2484148836202758
Sanding,First pass,ridge_single_pieces,single,"(0.3, 0.4]",113,2118.0,672.0,731.6218789282757,0.31728045325779036,0.34543053773761834
Sanding,First pass,ridge_single_pieces,single,"(0.4, 0.5]",120,1379.0,653.0,619.555120388409,0.47353154459753444,0.4492785499553365
Sanding,First pass,ridge_single_pieces,single,"(0.5, 0.6]",133,954.0,512.0,518.0782035800535,0.5366876310272537,0.5430589136059261
Sanding,First pass,ridge_single_pieces,single,"(0.6, 0.7]",134,1181.0,674.0,753.7784441837948,0.5707027942421676,0.6382543981234503
Sanding,First pass,ridge_single_pieces,single,"(0.7, 0.8]",121,1032.0,760.0,776.3142196099716,0.7364341085271318,0.7522424608623756
Sanding,First pass,ridge_single_pieces,single,"(0.8, 0.9]",39,1946.0,1837.0,1662.5725689157384,0.9439876670092497,0.8543538380861965
Sanding,First pass,ridge_single_pieces,single,"(0.9, 1.0]",15,1692.0,1679.0,1591.8398616551476,0.9923167848699763,0.940803700741813
Sanding,First pass,ridge_single_pieces,team,"(0.5, 0.6]",3,12.0,8.0,6.536712289279784,0.6666666666666666,0.5447260241066486
Sanding,First pass,ridge_single_pieces,team,"(0.6, 0.7]",1,2.0,0.0,1.242798049902242,0.0,0.621399024951121
Sanding,First pass,ridge_single_pieces,unknown,"(0.2, 0.3]",150,2773.0,426.0,582.8314399782558,0.15362423368193293,0.2101808294187724
Sanding,First pass,ridge_single_pieces,unknown,"(0.3, 0.4]",32,684.0,285.0,244.64093248397813,0.4166666666666667,0.3576621819941201
Sanding,First pass,ridge_single_pieces,unknown,"(0.4, 0.5]",24,476.0,264.0,213.3491770708192,0.5546218487394958,0.4482125568714689
Sanding,First pass,ridge_single_pieces,unknown,"(0.5, 0.6]",85,391.0,218.0,220.58894830903688,0.5575447570332481,0.5641661082072554
Sanding,First pass,ridge_single_pieces,unknown,"(0.6, 0.7]",6,23.0,14.0,14.011896306789351,0.6086956521739131,0.6092128829038849
Sanding,First pass,ridge_single_pieces,unknown,"(0.7, 0.8]",3,266.0,232.0,189.09842901818524,0.8721804511278195,0.7108963496924258
Sanding,Rework,group_only_all,single,"(0.5, 0.6]",44,928.0,542.0,497.7766885371549,0.584051724137931,0.536397293682279
Sanding,Rework,group_only_all,single,"(0.6, 0.7]",54,1196.0,789.0,801.0285422377568,0.6596989966555183,0.6697563062188602
Sanding,Rework,group_only_all,single,"(0.7, 0.8]",32,431.0,289.0,339.2083820677991,0.6705336426914154,0.7870264085099747
Sanding,Rework,group_only_all,single,"(0.8, 0.9]",74,332.0,256.0,287.43155576894645,0.7710843373493976,0.8657576980992363
Sanding,Rework,group_only_all,single,"(0.9, 1.0]",16,51.0,51.0,46.90777676323455,1.0,0.9197603286908735
Sanding,Rework,group_only_all,unknown,"(0.4, 0.5]",3,20.0,12.0,9.426127547625429,0.6,0.47130637738127146
Sanding,Rework,group_only_all,unknown,"(0.5, 0.6]",198,3747.0,1929.0,2009.9565342871572,0.5148118494795837,0.5364175431777841
Sanding,Rework,group_only_all,unknown,"(0.6, 0.7]",258,3587.0,2409.0,2441.97084866743,0.6715918594926122,0.6807836210391497
Sanding,Rework,group_only_all,unknown,"(0.7, 0.8]",161,1697.0,1296.0,1326.3319967253333,0.7637006482027107,0.7815745413820467
Sanding,Rework,group_only_all,unknown,"(0.8, 0.9]",420,2027.0,1727.0,1745.7443171273567,0.8519980266403552,0.8612453463874478
Sanding,Rework,group_only_all,unknown,"(0.9, 1.0]",96,424.0,386.0,392.62527725223475,0.910377358490566,0.9260030123873462
Sanding,Rework,legacy_1000,single,"(-0.001, 0.1]",4,77.0,50.0,5.766302574595118,0.6493506493506493,0.07488704642331322
Sanding,Rework,legacy_1000,single,"(0.1, 0.2]",3,41.0,8.0,6.374264101143407,0.1951219512195122,0.15546985612544895
Sanding,Rework,legacy_1000,single,"(0.2, 0.3]",6,148.0,76.0,32.98554897592702,0.5135135135135135,0.2228753309184258
Sanding,Rework,legacy_1000,single,"(0.3, 0.4]",8,62.0,34.0,21.71204738793215,0.5483870967741935,0.35019431270858303
Sanding,Rework,legacy_1000,single,"(0.4, 0.5]",15,303.0,195.0,137.5781525306564,0.6435643564356436,0.45405330868203436
Sanding,Rework,legacy_1000,single,"(0.5, 0.6]",39,745.0,441.0,409.93598381394014,0.5919463087248322,0.5502496427032754
Sanding,Rework,legacy_1000,single,"(0.6, 0.7]",18,268.0,176.0,168.46696108902947,0.6567164179104478,0.6286080637650353
Sanding,Rework,legacy_1000,single,"(0.7, 0.8]",40,535.0,376.0,404.88968478606665,0.702803738317757,0.7568031491328349
Sanding,Rework,legacy_1000,single,"(0.8, 0.9]",38,481.0,341.0,406.1973035006612,0.7089397089397089,0.844485038462913
Sanding,Rework,legacy_1000,single,"(0.9, 1.0]",49,278.0,230.0,261.87456460890627,0.8273381294964028,0.9419948367226845
Sanding,Rework,legacy_1000,unknown,"(0.7, 0.8]",718,7747.0,5009.0,5984.8709004045895,0.6465728669162256,0.7725404544216586
Sanding,Rework,legacy_1000,unknown,"(0.9, 1.0]",418,3755.0,2750.0,3565.2898057273615,0.7323568575233023,0.9494779775572201
Sanding,Rework,legacy_5000,single,"(-0.001, 0.1]",4,77.0,50.0,5.764715979396813,0.6493506493506493,0.07486644129086771
Sanding,Rework,legacy_5000,single,"(0.1, 0.2]",3,41.0,8.0,6.377554102947483,0.1951219512195122,0.15555010007188985
Sanding,Rework,legacy_5000,single,"(0.2, 0.3]",6,148.0,76.0,32.909121093466226,0.5135135135135135,0.22235892630720422
Sanding,Rework,legacy_5000,single,"(0.3, 0.4]",8,62.0,34.0,21.717510984400302,0.5483870967741935,0.35028243523226293
Sanding,Rework,legacy_5000,single,"(0.4, 0.5]",15,303.0,195.0,137.56995373807547,0.6435643564356436,0.4540262499606451
Sanding,Rework,legacy_5000,single,"(0.5, 0.6]",39,745.0,441.0,409.93199574516507,0.5919463087248322,0.5502442895908256
Sanding,Rework,legacy_5000,single,"(0.6, 0.7]",18,268.0,176.0,168.47387861825635,0.6567164179104478,0.628633875441255
Sanding,Rework,legacy_5000,single,"(0.7, 0.8]",40,535.0,376.0,404.92016578827156,0.702803738317757,0.7568601229687318
Sanding,Rework,legacy_5000,single,"(0.8, 0.9]",38,481.0,341.0,406.23579236915805,0.7089397089397089,0.8445650569005365
Sanding,Rework,legacy_5000,single,"(0.9, 1.0]",49,278.0,230.0,261.9428451001379,0.8273381294964028,0.942240450000496
Sanding,Rework,legacy_5000,unknown,"(0.7, 0.8]",718,7747.0,5009.0,5985.060333198646,0.6465728669162256,0.7725649068282749
Sanding,Rework,legacy_5000,unknown,"(0.9, 1.0]",418,3755.0,2750.0,3565.9155934648,0.7323568575233023,0.9496446320811718
Sanding,Rework,ridge_expanded_equal_round,single,"(0.1, 0.2]",2,31.0,20.0,4.534750655580861,0.6451612903225806,0.14628227921228584
Sanding,Rework,ridge_expanded_equal_round,single,"(0.2, 0.3]",4,75.0,31.0,18.176221251746334,0.41333333333333333,0.24234961668995111
Sanding,Rework,ridge_expanded_equal_round,single,"(0.3, 0.4]",5,114.0,68.0,38.70544094827824,0.5964912280701754,0.3395214118270021
Sanding,Rework,ridge_expanded_equal_round,single,"(0.4, 0.5]",16,229.0,119.0,102.22377484612105,0.519650655021834,0.4463920298957251
Sanding,Rework,ridge_expanded_equal_round,single,"(0.5, 0.6]",17,400.0,221.0,226.1283137868186,0.5525,0.5653207844670465
Sanding,Rework,ridge_expanded_equal_round,single,"(0.6, 0.7]",33,678.0,484.0,439.95264970081155,0.7138643067846607,0.6488977134230259
Sanding,Rework,ridge_expanded_equal_round,single,"(0.7, 0.8]",38,695.0,425.0,520.7528098233848,0.6115107913669064,0.7492846184509134
Sanding,Rework,ridge_expanded_equal_round,single,"(0.8, 0.9]",43,425.0,311.0,365.97494397952704,0.731764705882353,0.8611175152459459
Sanding,Rework,ridge_expanded_equal_round,single,"(0.9, 1.0]",62,291.0,248.0,275.5160369492952,0.852233676975945,0.9467905049803959
Sanding,Rework,ridge_expanded_equal_round,unknown,"(0.1, 0.2]",2,2.0,1.0,0.3507323967508278,0.5,0.1753661983754139
Sanding,Rework,ridge_expanded_equal_round,unknown,"(0.3, 0.4]",1,1.0,1.0,0.3431031488782037,1.0,0.3431031488782037
Sanding,Rework,ridge_expanded_equal_round,unknown,"(0.5, 0.6]",205,3774.0,1948.0,2240.6451875548187,0.516163222045575,0.5937056670786482
Sanding,Rework,ridge_expanded_equal_round,unknown,"(0.6, 0.7]",102,1780.0,1161.0,1237.0208780859753,0.652247191011236,0.694955549486503
Sanding,Rework,ridge_expanded_equal_round,unknown,"(0.7, 0.8]",241,2769.0,1976.0,2200.1137730517344,0.7136150234741784,0.7945517418027209
Sanding,Rework,ridge_expanded_equal_round,unknown,"(0.8, 0.9]",160,1359.0,1052.0,1175.3422677136057,0.7740986019131715,0.8648581808047135
Sanding,Rework,ridge_expanded_equal_round,unknown,"(0.9, 1.0]",425,1817.0,1620.0,1717.0090410136784,0.8915795266923501,0.9449692025391736
Sanding,Rework,ridge_expanded_pieces,single,"(0.1, 0.2]",4,91.0,52.0,12.249908902841042,0.5714285714285714,0.13461438354770378
Sanding,Rework,ridge_expanded_pieces,single,"(0.2, 0.3]",4,47.0,17.0,11.233787254859772,0.3617021276595745,0.2390167501033994
Sanding,Rework,ridge_expanded_pieces,single,"(0.3, 0.4]",8,150.0,72.0,52.41687969472852,0.48,0.3494458646315235
Sanding,Rework,ridge_expanded_pieces,single,"(0.4, 0.5]",11,230.0,121.0,103.8022780680092,0.5260869565217391,0.4513142524696052
Sanding,Rework,ridge_expanded_pieces,single,"(0.5, 0.6]",29,600.0,384.0,332.4366582127439,0.64,0.5540610970212398
Sanding,Rework,ridge_expanded_pieces,single,"(0.6, 0.7]",33,585.0,400.0,383.36105648306506,0.6837606837606838,0.6553180452701967
Sanding,Rework,ridge_expanded_pieces,single,"(0.7, 0.8]",34,528.0,345.0,391.8474331355515,0.6534090909090909,0.7421352900294537
Sanding,Rework,ridge_expanded_pieces,single,"(0.8, 0.9]",44,428.0,318.0,360.74236403939653,0.7429906542056075,0.8428559907462536
Sanding,Rework,ridge_expanded_pieces,single,"(0.9, 1.0]",53,279.0,218.0,261.19775736550844,0.7813620071684588,0.9361926787294209
Sanding,Rework,ridge_expanded_pieces,unknown,"(0.3, 0.4]",4,21.0,13.0,8.16708127719867,0.6190476190476191,0.38890863224755573
Sanding,Rework,ridge_expanded_pieces,unknown,"(0.5, 0.6]",203,3757.0,1938.0,1999.6715991317644,0.5158371040723982,0.5322522222868683
Sanding,Rework,ridge_expanded_pieces,unknown,"(0.6, 0.7]",117,1948.0,1296.0,1297.807768353068,0.6652977412731006,0.6662257537746755
Sanding,Rework,ridge_expanded_pieces,unknown,"(0.7, 0.8]",234,2681.0,1899.0,1956.4258609835736,0.7083177918687057,0.7297373595611987
Sanding,Rework,ridge_expanded_pieces,unknown,"(0.8, 0.9]",206,1686.0,1317.0,1405.7497534073289,0.7811387900355872,0.8337780269319862
Sanding,Rework,ridge_expanded_pieces,unknown,"(0.9, 1.0]",372,1409.0,1296.0,1316.7417251353515,0.9198012775017743,0.9345221612032303
Sanding,Rework,ridge_single_capped,single,"(-0.001, 0.1]",1,30.0,20.0,2.884502617056267,0.6666666666666666,0.09615008723520889
Sanding,Rework,ridge_single_capped,single,"(0.1, 0.2]",3,74.0,30.0,11.864514406223236,0.40540540540540543,0.16033127575977346
Sanding,Rework,ridge_single_capped,single,"(0.2, 0.3]",3,19.0,7.0,5.099011732645229,0.3684210526315789,0.2683690385602752
Sanding,Rework,ridge_single_capped,single,"(0.3, 0.4]",17,342.0,196.0,122.13640920484504,0.5730994152046783,0.3571240035229387
Sanding,Rework,ridge_single_capped,single,"(0.4, 0.5]",12,255.0,101.0,115.52201904525089,0.396078431372549,0.45302752566765053
Sanding,Rework,ridge_single_capped,single,"(0.5, 0.6]",21,412.0,289.0,221.99731519483387,0.7014563106796117,0.5388284349389172
Sanding,Rework,ridge_single_capped,single,"(0.6, 0.7]",28,583.0,395.0,384.44350308332685,0.6775300171526587,0.6594228183247459
Sanding,Rework,ridge_single_capped,single,"(0.7, 0.8]",30,389.0,264.0,287.47430038252264,0.6786632390745502,0.7390084842738371
Sanding,Rework,ridge_single_capped,single,"(0.8, 0.9]",35,348.0,242.0,296.45230675268465,0.6954022988505747,0.8518744446916225
Sanding,Rework,ridge_single_capped,single,"(0.9, 1.0]",70,486.0,383.0,452.86614582193806,0.7880658436213992,0.9318233453126298
Sanding,Rework,ridge_single_capped,unknown,"(0.4, 0.5]",201,3767.0,1941.0,1832.5825285755195,0.5152641359171755,0.48648328340204927
Sanding,Rework,ridge_single_capped,unknown,"(0.6, 0.7]",104,1806.0,1190.0,1247.19720822122,0.6589147286821705,0.6905853866119712
Sanding,Rework,ridge_single_capped,unknown,"(0.7, 0.8]",40,664.0,494.0,515.7534226933075,0.7439759036144579,0.776737082369439
Sanding,Rework,ridge_single_capped,unknown,"(0.8, 0.9]",202,2154.0,1529.0,1803.1843376470965,0.7098421541318477,0.837132932983796
Sanding,Rework,ridge_single_capped,unknown,"(0.9, 1.0]",589,3111.0,2605.0,2894.3784417126444,0.8373513339762134,0.9303691551631772
Sanding,Rework,ridge_single_equal_round,single,"(-0.001, 0.1]",1,1.0,1.0,0.0873946697323357,1.0,0.0873946697323357
Sanding,Rework,ridge_single_equal_round,single,"(0.1, 0.2]",2,59.0,22.0,9.787228890643716,0.3728813559322034,0.16588523543463926
Sanding,Rework,ridge_single_equal_round,single,"(0.2, 0.3]",5,51.0,32.0,11.996204653642096,0.6274509803921569,0.23521969909102147
Sanding,Rework,ridge_single_equal_round,single,"(0.3, 0.4]",9,208.0,106.0,70.89360661958078,0.5096153846153846,0.340834647209523
Sanding,Rework,ridge_single_equal_round,single,"(0.4, 0.5]",18,351.0,180.0,158.18813350340628,0.5128205128205128,0.4506784430296475
Sanding,Rework,ridge_single_equal_round,single,"(0.5, 0.6]",15,322.0,223.0,177.93093433807317,0.6925465838509317,0.5525805414225875
Sanding,Rework,ridge_single_equal_round,single,"(0.6, 0.7]",34,669.0,436.0,437.310986985421,0.6517189835575485,0.6536786053593736
Sanding,Rework,ridge_single_equal_round,single,"(0.7, 0.8]",25,413.0,284.0,305.18275768205353,0.6876513317191283,0.7389413018935921
Sanding,Rework,ridge_single_equal_round,single,"(0.8, 0.9]",30,342.0,236.0,289.7140508272426,0.6900584795321637,0.8471171076819959
Sanding,Rework,ridge_single_equal_round,single,"(0.9, 1.0]",81,522.0,407.0,489.2815925738471,0.7796934865900383,0.9373210585705883
Sanding,Rework,ridge_single_equal_round,unknown,"(0.4, 0.5]",201,3767.0,1941.0,1853.3945617804536,0.5152641359171755,0.4920081130290559
Sanding,Rework,ridge_single_equal_round,unknown,"(0.5, 0.6]",8,40.0,38.0,21.442337832581035,0.95,0.5360584458145259
Sanding,Rework,ridge_single_equal_round,unknown,"(0.6, 0.7]",90,1729.0,1115.0,1181.967752191218,0.6448814343551186,0.6836135061834692
Sanding,Rework,ridge_single_equal_round,unknown,"(0.7, 0.8]",42,620.0,451.0,490.89388168176197,0.7274193548387097,0.7917643252931644
Sanding,Rework,ridge_single_equal_round,unknown,"(0.8, 0.9]",187,2044.0,1460.0,1711.4546115723017,0.7142857142857143,0.8373065614345899
Sanding,Rework,ridge_single_equal_round,unknown,"(0.9, 1.0]",608,3302.0,2754.0,3103.9499484137214,0.8340399757722592,0.9400211836504304
Sanding,Rework,ridge_single_pieces,single,"(-0.001, 0.1]",1,30.0,20.0,2.80720949848098,0.6666666666666666,0.093573649949366
Sanding,Rework,ridge_single_pieces,single,"(0.1, 0.2]",3,74.0,30.0,11.903448509240473,0.40540540540540543,0.16085741228703343
Sanding,Rework,ridge_single_pieces,single,"(0.2, 0.3]",3,19.0,7.0,5.117561010225802,0.3684210526315789,0.2693453163276738
Sanding,Rework,ridge_single_pieces,single,"(0.3, 0.4]",17,342.0,196.0,122.14318902908927,0.5730994152046783,0.35714382757043645
Sanding,Rework,ridge_single_pieces,single,"(0.4, 0.5]",12,255.0,101.0,115.17391627185772,0.396078431372549,0.4516624167523832
Sanding,Rework,ridge_single_pieces,single,"(0.5, 0.6]",21,412.0,289.0,221.3839260847376,0.7014563106796117,0.537339626419266
Sanding,Rework,ridge_single_pieces,single,"(0.6, 0.7]",28,583.0,395.0,383.736541614361,0.6775300171526587,0.6582101914483036
Sanding,Rework,ridge_single_pieces,single,"(0.7, 0.8]",29,373.0,257.0,274.56452920820584,0.6890080428954424,0.7360979335340639
Sanding,Rework,ridge_single_pieces,single,"(0.8, 0.9]",36,364.0,249.0,309.275796632009,0.6840659340659341,0.8496587819560687
Sanding,Rework,ridge_single_pieces,single,"(0.9, 1.0]",70,486.0,383.0,453.0173427478995,0.7880658436213992,0.9321344500985586
Sanding,Rework,ridge_single_pieces,unknown,"(0.4, 0.5]",201,3767.0,1941.0,1831.8176902590224,0.5152641359171755,0.4862802469495679
Sanding,Rework,ridge_single_pieces,unknown,"(0.6, 0.7]",107,1885.0,1269.0,1302.4806175956764,0.673209549071618,0.6909711499181307
Sanding,Rework,ridge_single_pieces,unknown,"(0.7, 0.8]",37,585.0,415.0,455.4210515748481,0.7094017094017094,0.7784975240595694
Sanding,Rework,ridge_single_pieces,unknown,"(0.8, 0.9]",202,2154.0,1529.0,1805.6628533401263,0.7098421541318477,0.8382835902228999
Sanding,Rework,ridge_single_pieces,unknown,"(0.9, 1.0]",589,3111.0,2605.0,2894.4200764127177,0.8373513339762134,0.9303825382233101
Soldering,First pass,group_only_all,single,"(0.2, 0.3]",8,58.0,28.0,16.150494249303947,0.4827586206896552,0.2784567974017922
Soldering,First pass,group_only_all,single,"(0.3, 0.4]",15,63.0,21.0,22.403862735851554,0.3333333333333333,0.35561686882304056
Soldering,First pass,group_only_all,single,"(0.4, 0.5]",33,162.0,91.0,77.80706409399401,0.5617283950617284,0.4802905190987285
Soldering,First pass,group_only_all,single,"(0.5, 0.6]",54,427.0,263.0,247.59138642446248,0.6159250585480094,0.5798393124694672
Soldering,First pass,group_only_all,single,"(0.6, 0.7]",12,111.0,89.0,71.95305469866429,0.8018018018018018,0.6482257180059846
Soldering,First pass,group_only_all,single,"(0.7, 0.8]",8,79.0,71.0,57.46851663180651,0.8987341772151899,0.7274495776178039
Soldering,First pass,group_only_all,single,"(0.8, 0.9]",8,71.0,69.0,59.54170081815592,0.971830985915493,0.8386155044810693
Soldering,First pass,group_only_all,unknown,"(0.2, 0.3]",5,32.0,6.0,8.91061751685735,0.1875,0.2784567974017922
Soldering,First pass,group_only_all,unknown,"(0.3, 0.4]",6,38.0,15.0,12.013223680712372,0.39473684210526316,0.3161374652819045
Soldering,First pass,group_only_all,unknown,"(0.4, 0.5]",10,47.0,11.0,22.2544632470704,0.23404255319148937,0.4734992180227745
Soldering,First pass,group_only_all,unknown,"(0.5, 0.6]",13,90.0,56.0,51.588286587438496,0.6222222222222222,0.5732031843048722
Soldering,First pass,legacy_1000,single,"(0.1, 0.2]",12,53.0,17.0,8.398488723786585,0.32075471698113206,0.1584620513921997
Soldering,First pass,legacy_1000,single,"(0.2, 0.3]",11,55.0,8.0,13.807369087827896,0.14545454545454545,0.2510430743241436
Soldering,First pass,legacy_1000,single,"(0.3, 0.4]",23,169.0,103.0,61.67787664311189,0.6094674556213018,0.3649578499592419
Soldering,First pass,legacy_1000,single,"(0.4, 0.5]",16,74.0,44.0,32.797709681057384,0.5945945945945946,0.44321229298726195
Soldering,First pass,legacy_1000,single,"(0.5, 0.6]",17,137.0,95.0,75.33454517513364,0.6934306569343066,0.5498871910593697
Soldering,First pass,legacy_1000,single,"(0.6, 0.7]",16,129.0,94.0,84.22433301249683,0.7286821705426356,0.652901806298425
Soldering,First pass,legacy_1000,single,"(0.7, 0.8]",14,107.0,86.0,81.43818157135948,0.8037383177570093,0.761104500666911
Soldering,First pass,legacy_1000,single,"(0.8, 0.9]",22,188.0,126.0,159.5518080731302,0.6702127659574468,0.8486798301762244
Soldering,First pass,legacy_1000,single,"(0.9, 1.0]",7,59.0,59.0,54.54113887398723,1.0,0.9244260826099531
Soldering,First pass,legacy_1000,unknown,"(0.1, 0.2]",8,44.0,7.0,7.6177777291452715,0.1590909090909091,0.1731313120260289
Soldering,First pass,legacy_1000,unknown,"(0.2, 0.3]",3,29.0,12.0,5.998003078686007,0.41379310344827586,0.206827692368483
Soldering,First pass,legacy_1000,unknown,"(0.3, 0.4]",10,44.0,13.0,16.156219321159185,0.29545454545454547,0.3671868027536178
Soldering,First pass,legacy_1000,unknown,"(0.4, 0.5]",3,20.0,4.0,9.116310744149663,0.2,0.45581553720748313
Soldering,First pass,legacy_1000,unknown,"(0.5, 0.6]",4,40.0,32.0,20.850597097563785,0.8,0.5212649274390946
Soldering,First pass,legacy_1000,unknown,"(0.6, 0.7]",6,30.0,20.0,20.94584703824208,0.6666666666666666,0.6981949012747359
Soldering,First pass,legacy_5000,single,"(0.1, 0.2]",12,53.0,17.0,8.396104281578998,0.32075471698113206,0.15841706191658486
Soldering,First pass,legacy_5000,single,"(0.2, 0.3]",11,55.0,8.0,13.80387977177282,0.14545454545454545,0.2509796322140513
Soldering,First pass,legacy_5000,single,"(0.3, 0.4]",23,169.0,103.0,61.66466912081546,0.6094674556213018,0.36487969893973643
Soldering,First pass,legacy_5000,single,"(0.4, 0.5]",16,74.0,44.0,32.79154574857552,0.5945945945945946,0.4431289966023719
Soldering,First pass,legacy_5000,single,"(0.5, 0.6]",17,137.0,95.0,75.3231320185287,0.6934306569343066,0.5498038833469248
Soldering,First pass,legacy_5000,single,"(0.6, 0.7]",16,129.0,94.0,84.2144866677408,0.7286821705426356,0.6528254780445023
Soldering,First pass,legacy_5000,single,"(0.7, 0.8]",14,107.0,86.0,81.43162131850089,0.8037383177570093,0.7610431898925316
Soldering,First pass,legacy_5000,single,"(0.8, 0.9]",22,188.0,126.0,159.54366897934332,0.6702127659574468,0.8486365371241666
Soldering,First pass,legacy_5000,single,"(0.9, 1.0]",7,59.0,59.0,54.539749057218124,1.0,0.9244025263935275
Soldering,First pass,legacy_5000,unknown,"(0.1, 0.2]",8,44.0,7.0,7.61565042698493,0.1590909090909091,0.1730829642496575
Soldering,First pass,legacy_5000,unknown,"(0.2, 0.3]",3,29.0,12.0,5.996393746522997,0.41379310344827586,0.2067721981559654
Soldering,First pass,legacy_5000,unknown,"(0.3, 0.4]",10,44.0,13.0,16.15277228401443,0.29545454545454547,0.3671084610003279
Soldering,First pass,legacy_5000,unknown,"(0.4, 0.5]",3,20.0,4.0,9.11463258643917,0.2,0.4557316293219585
Soldering,First pass,legacy_5000,unknown,"(0.5, 0.6]",4,40.0,32.0,20.847220473140673,0.8,0.5211805118285169
Soldering,First pass,legacy_5000,unknown,"(0.6, 0.7]",6,30.0,20.0,20.94370865671781,0.6666666666666666,0.6981236218905936
Soldering,First pass,ridge_expanded_equal_round,single,"(0.1, 0.2]",6,27.0,16.0,5.168524887062863,0.5925925925925926,0.19142684766899493
Soldering,First pass,ridge_expanded_equal_round,single,"(0.2, 0.3]",12,50.0,3.0,13.68593315263413,0.06,0.2737186630526826
Soldering,First pass,ridge_expanded_equal_round,single,"(0.3, 0.4]",15,99.0,65.0,36.70648696684834,0.6565656565656566,0.3707725956247307
Soldering,First pass,ridge_expanded_equal_round,single,"(0.4, 0.5]",29,178.0,94.0,80.00887844131601,0.5280898876404494,0.44948808113098887
Soldering,First pass,ridge_expanded_equal_round,single,"(0.5, 0.6]",26,191.0,121.0,104.88549268844707,0.6335078534031413,0.5491387051751155
Soldering,First pass,ridge_expanded_equal_round,single,"(0.6, 0.7]",12,102.0,80.0,65.59088837946162,0.7843137254901961,0.6430479252888394
Soldering,First pass,ridge_expanded_equal_round,single,"(0.7, 0.8]",22,182.0,120.0,135.59258747806697,0.6593406593406593,0.745014216912456
Soldering,First pass,ridge_expanded_equal_round,single,"(0.8, 0.9]",14,122.0,113.0,102.63081187997001,0.9262295081967213,0.8412361629505739
Soldering,First pass,ridge_expanded_equal_round,single,"(0.9, 1.0]",2,20.0,20.0,18.46735962938251,1.0,0.9233679814691256
Soldering,First pass,ridge_expanded_equal_round,unknown,"(0.2, 0.3]",11,73.0,19.0,17.222754928076732,0.2602739726027397,0.23592814969968126
Soldering,First pass,ridge_expanded_equal_round,unknown,"(0.3, 0.4]",5,12.0,7.0,4.1965723657863565,0.5833333333333334,0.3497143638155297
Soldering,First pass,ridge_expanded_equal_round,unknown,"(0.4, 0.5]",10,72.0,26.0,32.056163018994,0.3611111111111111,0.44522448637491663
Soldering,First pass,ridge_expanded_equal_round,unknown,"(0.5, 0.6]",8,50.0,36.0,27.183209371502876,0.72,0.5436641874300575
Soldering,First pass,ridge_expanded_pieces,single,"(0.2, 0.3]",11,58.0,18.0,15.503650987420118,0.3103448275862069,0.26730432736931237
Soldering,First pass,ridge_expanded_pieces,single,"(0.3, 0.4]",20,107.0,59.0,39.57212307117616,0.5514018691588785,0.3698329258988426
Soldering,First pass,ridge_expanded_pieces,single,"(0.4, 0.5]",32,202.0,110.0,92.41986995216776,0.5445544554455446,0.4575241086740978
Soldering,First pass,ridge_expanded_pieces,single,"(0.5, 0.6]",20,147.0,97.0,80.85250444725428,0.6598639455782312,0.5500170370561516
Soldering,First pass,ridge_expanded_pieces,single,"(0.6, 0.7]",24,175.0,119.0,111.35817832814753,0.68,0.6363324475894144
Soldering,First pass,ridge_expanded_pieces,single,"(0.7, 0.8]",19,182.0,136.0,137.05671583693726,0.7472527472527473,0.75305887822493
Soldering,First pass,ridge_expanded_pieces,single,"(0.8, 0.9]",10,80.0,73.0,67.27781212156613,0.9125,0.8409726515195766
Soldering,First pass,ridge_expanded_pieces,single,"(0.9, 1.0]",2,20.0,20.0,18.041892228556833,1.0,0.9020946114278416
Soldering,First pass,ridge_expanded_pieces,unknown,"(0.2, 0.3]",11,70.0,21.0,15.227064276571998,0.3,0.21752948966531424
Soldering,First pass,ridge_expanded_pieces,unknown,"(0.3, 0.4]",10,47.0,11.0,16.88009131687383,0.23404255319148937,0.35915087908242194
Soldering,First pass,ridge_expanded_pieces,unknown,"(0.4, 0.5]",7,60.0,36.0,25.748597441546377,0.6,0.4291432906924396
Soldering,First pass,ridge_expanded_pieces,unknown,"(0.5, 0.6]",6,30.0,20.0,15.441205749747818,0.6666666666666666,0.5147068583249272
Soldering,First pass,ridge_single_capped,single,"(0.2, 0.3]",11,65.0,18.0,17.502400506984102,0.27692307692307694,0.2692677001074477
Soldering,First pass,ridge_single_capped,single,"(0.3, 0.4]",20,103.0,59.0,38.34982468201978,0.5728155339805825,0.3723283949710658
Soldering,First pass,ridge_single_capped,single,"(0.4, 0.5]",34,219.0,122.0,101.20485101762651,0.5570776255707762,0.4621226073864224
Soldering,First pass,ridge_single_capped,single,"(0.5, 0.6]",16,114.0,73.0,63.331425427553285,0.6403508771929824,0.5555388195399411
Soldering,First pass,ridge_single_capped,single,"(0.6, 0.7]",26,188.0,131.0,119.91145927803146,0.6968085106382979,0.6378269110533589
Soldering,First pass,ridge_single_capped,single,"(0.7, 0.8]",19,182.0,136.0,136.36196998484,0.7472527472527473,0.7492415933232967
Soldering,First pass,ridge_single_capped,single,"(0.8, 0.9]",12,100.0,93.0,85.06524887090278,0.93,0.8506524887090278
Soldering,First pass,ridge_single_capped,unknown,"(0.2, 0.3]",9,64.0,18.0,17.978619787581064,0.28125,0.2809159341809541
Soldering,First pass,ridge_single_capped,unknown,"(0.3, 0.4]",2,6.0,3.0,2.199455412816255,0.5,0.36657590213604246
Soldering,First pass,ridge_single_capped,unknown,"(0.4, 0.5]",13,67.0,15.0,30.970482280332515,0.22388059701492538,0.4622460041840674
Soldering,First pass,ridge_single_capped,unknown,"(0.5, 0.6]",4,40.0,32.0,21.238979838820143,0.8,0.5309744959705036
Soldering,First pass,ridge_single_capped,unknown,"(0.6, 0.7]",6,30.0,20.0,18.817925447730946,0.6666666666666666,0.6272641815910316
Soldering,First pass,ridge_single_equal_round,single,"(0.1, 0.2]",6,27.0,16.0,4.978784502530856,0.5925925925925926,0.18439942601966133
Soldering,First pass,ridge_single_equal_round,single,"(0.2, 0.3]",12,50.0,3.0,13.641964112233886,0.06,0.27283928224467774
Soldering,First pass,ridge_single_equal_round,single,"(0.3, 0.4]",15,99.0,65.0,36.38317677775553,0.6565656565656566,0.36750683613894475
Soldering,First pass,ridge_single_equal_round,single,"(0.4, 0.5]",27,165.0,82.0,74.05638753921475,0.49696969696969695,0.4488265911467561
Soldering,First pass,ridge_single_equal_round,single,"(0.5, 0.6]",23,175.0,118.0,94.96900271684048,0.6742857142857143,0.5426800155248027
Soldering,First pass,ridge_single_equal_round,single,"(0.6, 0.7]",17,131.0,95.0,83.83215144321774,0.7251908396946565,0.6399400873528072
Soldering,First pass,ridge_single_equal_round,single,"(0.7, 0.8]",22,182.0,120.0,136.13328175868077,0.6593406593406593,0.7479850646081361
Soldering,First pass,ridge_single_equal_round,single,"(0.8, 0.9]",14,122.0,113.0,102.66519769246395,0.9262295081967213,0.8415180138726553
Soldering,First pass,ridge_single_equal_round,single,"(0.9, 1.0]",2,20.0,20.0,18.46990835238,1.0,0.923495417619
Soldering,First pass,ridge_single_equal_round,unknown,"(0.2, 0.3]",11,73.0,19.0,18.86187343375122,0.2602739726027397,0.2583818278596058
Soldering,First pass,ridge_single_equal_round,unknown,"(0.3, 0.4]",4,10.0,7.0,3.7009658219491697,0.7,0.370096582194917
Soldering,First pass,ridge_single_equal_round,unknown,"(0.4, 0.5]",9,54.0,10.0,24.481783820438718,0.18518518518518517,0.4533663670451614
Soldering,First pass,ridge_single_equal_round,unknown,"(0.5, 0.6]",4,40.0,32.0,21.161067624275212,0.8,0.5290266906068803
Soldering,First pass,ridge_single_equal_round,unknown,"(0.6, 0.7]",6,30.0,20.0,18.70350259128788,0.6666666666666666,0.6234500863762626
Soldering,First pass,ridge_single_pieces,single,"(0.2, 0.3]",11,58.0,18.0,15.49338824801966,0.3103448275862069,0.26712738358654586
Soldering,First pass,ridge_single_pieces,single,"(0.3, 0.4]",20,110.0,59.0,40.744531710773664,0.5363636363636364,0.37040483373430605
Soldering,First pass,ridge_single_pieces,single,"(0.4, 0.5]",32,199.0,110.0,91.6333162198459,0.5527638190954773,0.4604689257278688
Soldering,First pass,ridge_single_pieces,single,"(0.5, 0.6]",18,134.0,85.0,73.87105152656272,0.6343283582089553,0.5512765039295726
Soldering,First pass,ridge_single_pieces,single,"(0.6, 0.7]",25,178.0,124.0,113.4332292095246,0.6966292134831461,0.6372653326377786
Soldering,First pass,ridge_single_pieces,single,"(0.7, 0.8]",20,192.0,143.0,144.35457495699504,0.7447916666666666,0.7518467445676825
Soldering,First pass,ridge_single_pieces,single,"(0.8, 0.9]",10,80.0,73.0,67.33662301207188,0.9125,0.8417077876508985
Soldering,First pass,ridge_single_pieces,single,"(0.9, 1.0]",2,20.0,20.0,18.044454468126553,1.0,0.9022227234063276
Soldering,First pass,ridge_single_pieces,unknown,"(0.2, 0.3]",9,64.0,18.0,17.901293132111295,0.28125,0.279707705189239
Soldering,First pass,ridge_single_pieces,unknown,"(0.3, 0.4]",2,6.0,3.0,2.2041385086915755,0.5,0.3673564181152626
Soldering,First pass,ridge_single_pieces,unknown,"(0.4, 0.5]",13,67.0,15.0,31.089403349584334,0.22388059701492538,0.4640209455161841
Soldering,First pass,ridge_single_pieces,unknown,"(0.5, 0.6]",4,40.0,32.0,21.313062711463626,0.8,0.5328265677865907
Soldering,First pass,ridge_single_pieces,unknown,"(0.6, 0.7]",6,30.0,20.0,18.781679298276792,0.6666666666666666,0.6260559766092264
Soldering,Rework,group_only_all,single,"(0.5, 0.6]",1,11.0,11.0,5.817858776003997,1.0,0.5288962523639997
Soldering,Rework,group_only_all,single,"(0.6, 0.7]",1,3.0,3.0,1.8192952267630944,1.0,0.6064317422543648
Soldering,Rework,group_only_all,single,"(0.7, 0.8]",1,12.0,12.0,9.530269910761294,1.0,0.7941891592301079
Soldering,Rework,group_only_all,single,"(0.8, 0.9]",1,1.0,1.0,0.8963738446602278,1.0,0.8963738446602278
Soldering,Rework,group_only_all,single,"(0.9, 1.0]",6,24.0,22.0,22.844869278419168,0.9166666666666666,0.9518695532674654
Soldering,Rework,group_only_all,unknown,"(0.5, 0.6]",1,8.0,8.0,4.231170018911998,1.0,0.5288962523639997
Soldering,Rework,group_only_all,unknown,"(0.6, 0.7]",2,13.0,6.0,7.883612649306743,0.46153846153846156,0.6064317422543648
Soldering,Rework,group_only_all,unknown,"(0.7, 0.8]",25,103.0,83.0,79.3135286618904,0.8058252427184466,0.7700342588533049
Soldering,Rework,group_only_all,unknown,"(0.8, 0.9]",18,77.0,75.0,67.05333636010663,0.974025974025974,0.8708225501312549
Soldering,Rework,group_only_all,unknown,"(0.9, 1.0]",60,215.0,191.0,203.30336989242107,0.8883720930232558,0.9455970692670748
Soldering,Rework,legacy_1000,single,"(0.7, 0.8]",1,1.0,1.0,0.785401312177722,1.0,0.785401312177722
Soldering,Rework,legacy_1000,single,"(0.8, 0.9]",9,50.0,48.0,42.33448892467473,0.96,0.8466897784934946
Soldering,Rework,legacy_1000,unknown,"(0.7, 0.8]",17,41.0,39.0,32.20145425820123,0.9512195121951219,0.7854013233707617
Soldering,Rework,legacy_1000,unknown,"(0.8, 0.9]",89,375.0,324.0,317.5086697933406,0.864,0.8466897861155749
Soldering,Rework,legacy_5000,single,"(0.7, 0.8]",1,1.0,1.0,0.785401312177722,1.0,0.785401312177722
Soldering,Rework,legacy_5000,single,"(0.8, 0.9]",9,50.0,48.0,42.33448892467473,0.96,0.8466897784934946
Soldering,Rework,legacy_5000,unknown,"(0.7, 0.8]",17,41.0,39.0,32.20145425820123,0.9512195121951219,0.7854013233707617
Soldering,Rework,legacy_5000,unknown,"(0.8, 0.9]",89,375.0,324.0,317.5086697933406,0.864,0.8466897861155749
Soldering,Rework,ridge_expanded_equal_round,single,"(0.2, 0.3]",1,11.0,11.0,2.2001400164842053,1.0,0.2000127287712914
Soldering,Rework,ridge_expanded_equal_round,single,"(0.6, 0.7]",2,15.0,15.0,9.37668776882265,1.0,0.62511251792151
Soldering,Rework,ridge_expanded_equal_round,single,"(0.7, 0.8]",1,2.0,2.0,1.558306424951595,1.0,0.7791532124757975
Soldering,Rework,ridge_expanded_equal_round,single,"(0.9, 1.0]",6,23.0,21.0,21.97875306474118,0.9130434782608695,0.9555979593365731
Soldering,Rework,ridge_expanded_equal_round,unknown,"(0.5, 0.6]",1,8.0,8.0,4.253434852981562,1.0,0.5316793566226953
Soldering,Rework,ridge_expanded_equal_round,unknown,"(0.6, 0.7]",2,13.0,6.0,8.264876349707908,0.46153846153846156,0.6357597192083007
Soldering,Rework,ridge_expanded_equal_round,unknown,"(0.7, 0.8]",10,40.0,36.0,30.28172406115696,0.9,0.7570431015289241
Soldering,Rework,ridge_expanded_equal_round,unknown,"(0.8, 0.9]",17,67.0,51.0,59.08747354476915,0.7611940298507462,0.8819025902204352
Soldering,Rework,ridge_expanded_equal_round,unknown,"(0.9, 1.0]",76,288.0,262.0,274.0631923992766,0.9097222222222222,0.9516083069419327
Soldering,Rework,ridge_expanded_pieces,single,"(0.1, 0.2]",1,11.0,11.0,2.0288924009849305,1.0,0.18444476372590277
Soldering,Rework,ridge_expanded_pieces,single,"(0.5, 0.6]",2,15.0,15.0,8.12293061194499,1.0,0.5415287074629994
Soldering,Rework,ridge_expanded_pieces,single,"(0.8, 0.9]",1,2.0,2.0,1.728320326962248,1.0,0.864160163481124
Soldering,Rework,ridge_expanded_pieces,single,"(0.9, 1.0]",6,23.0,21.0,21.80068002329762,0.9130434782608695,0.947855653186853
Soldering,Rework,ridge_expanded_pieces,unknown,"(0.5, 0.6]",1,8.0,8.0,4.2249122698342605,1.0,0.5281140337292826
Soldering,Rework,ridge_expanded_pieces,unknown,"(0.6, 0.7]",2,13.0,6.0,7.876126006462929,0.46153846153846156,0.6058558466509946
Soldering,Rework,ridge_expanded_pieces,unknown,"(0.7, 0.8]",10,40.0,36.0,29.680021937621415,0.9,0.7420005484405354
Soldering,Rework,ridge_expanded_pieces,unknown,"(0.8, 0.9]",28,125.0,107.0,108.24092150201578,0.856,0.8659273720161262
Soldering,Rework,ridge_expanded_pieces,unknown,"(0.9, 1.0]",65,230.0,206.0,217.7810635858766,0.8956521739130435,0.9468741895038113
Soldering,Rework,ridge_single_capped,single,"(0.6, 0.7]",1,12.0,12.0,7.5748119355852905,1.0,0.6312343279654409
Soldering,Rework,ridge_single_capped,single,"(0.7, 0.8]",2,12.0,12.0,8.950708744358913,1.0,0.7458923953632427
Soldering,Rework,ridge_single_capped,single,"(0.8, 0.9]",7,27.0,25.0,23.48263509477281,0.9259259259259259,0.8697272257323263
Soldering,Rework,ridge_single_capped,unknown,"(0.7, 0.8]",20,78.0,62.0,60.62897880845641,0.7948717948717948,0.7772946001084156
Soldering,Rework,ridge_single_capped,unknown,"(0.8, 0.9]",86,338.0,301.0,288.9529017211844,0.8905325443786982,0.854890241778652
Soldering,Rework,ridge_single_equal_round,single,"(0.6, 0.7]",1,12.0,12.0,8.277187601960497,1.0,0.689765633496708
Soldering,Rework,ridge_single_equal_round,single,"(0.7, 0.8]",1,11.0,11.0,8.541067088391861,1.0,0.7764606443992601
Soldering,Rework,ridge_single_equal_round,single,"(0.8, 0.9]",5,17.0,15.0,15.076410858133748,0.8823529411764706,0.8868476975372793
Soldering,Rework,ridge_single_equal_round,single,"(0.9, 1.0]",3,11.0,11.0,10.190645066566333,1.0,0.9264222787787575
Soldering,Rework,ridge_single_equal_round,unknown,"(0.8, 0.9]",66,277.0,231.0,240.5093131381217,0.8339350180505415,0.8682646683686704
Soldering,Rework,ridge_single_equal_round,unknown,"(0.9, 1.0]",40,139.0,132.0,126.39096889727423,0.9496402877697842,0.9092875460235557
Soldering,Rework,ridge_single_pieces,single,"(0.6, 0.7]",1,12.0,12.0,7.582337912692544,1.0,0.6318614927243786
Soldering,Rework,ridge_single_pieces,single,"(0.7, 0.8]",2,12.0,12.0,8.96070770863338,1.0,0.746725642386115
Soldering,Rework,ridge_single_pieces,single,"(0.8, 0.9]",7,27.0,25.0,23.5065314583095,0.9259259259259259,0.8706122762336852
Soldering,Rework,ridge_single_pieces,unknown,"(0.7, 0.8]",20,78.0,62.0,60.73305613046849,0.7948717948717948,0.778628924749596
Soldering,Rework,ridge_single_pieces,unknown,"(0.8, 0.9]",86,338.0,301.0,289.3866020839725,0.8905325443786982,0.8561733789466641
Stone Setting,First pass,group_only_all,single,"(0.4, 0.5]",1,3.0,0.0,1.3758186395451426,0.0,0.4586062131817142
Stone Setting,First pass,group_only_all,single,"(0.5, 0.6]",26,114.0,68.0,65.51671315441516,0.5964912280701754,0.5747080101264488
Stone Setting,First pass,group_only_all,single,"(0.6, 0.7]",70,403.0,240.0,265.5118057122975,0.5955334987593052,0.6588382275739392
Stone Setting,First pass,group_only_all,single,"(0.7, 0.8]",75,670.0,512.0,490.6478196261048,0.764179104477612,0.7323101785464251
Stone Setting,First pass,group_only_all,single,"(0.8, 0.9]",10,183.0,167.0,155.0808799726261,0.912568306010929,0.8474365025826562
Stone Setting,First pass,group_only_all,team,"(0.5, 0.6]",2,7.0,1.0,4.081208379584449,0.14285714285714285,0.5830297685120642
Stone Setting,First pass,group_only_all,team,"(0.7, 0.8]",6,10.0,8.0,7.138840581190385,0.8,0.7138840581190384
Stone Setting,First pass,group_only_all,unknown,"(0.5, 0.6]",8,15.0,5.0,8.452128124614774,0.3333333333333333,0.5634752083076516
Stone Setting,First pass,group_only_all,unknown,"(0.6, 0.7]",8,31.0,15.0,20.280396442965905,0.4838709677419355,0.654206336869868
Stone Setting,First pass,group_only_all,unknown,"(0.7, 0.8]",20,73.0,46.0,53.662128148296915,0.6301369863013698,0.735097645867081
Stone Setting,First pass,group_only_all,unknown,"(0.8, 0.9]",2,24.0,5.0,19.3805942146339,0.20833333333333334,0.8075247589430791
Stone Setting,First pass,legacy_1000,single,"(0.3, 0.4]",4,5.0,4.0,1.7754054870532843,0.8,0.35508109741065685
Stone Setting,First pass,legacy_1000,single,"(0.4, 0.5]",11,35.0,15.0,16.063151564947706,0.42857142857142855,0.45894718756993447
Stone Setting,First pass,legacy_1000,single,"(0.5, 0.6]",31,202.0,77.0,113.71583172458026,0.3811881188118812,0.5629496620028726
Stone Setting,First pass,legacy_1000,single,"(0.6, 0.7]",49,460.0,318.0,296.8817831788124,0.691304347826087,0.6453951808235052
Stone Setting,First pass,legacy_1000,single,"(0.7, 0.8]",42,345.0,285.0,257.46246873703393,0.8260869565217391,0.746268025324736
Stone Setting,First pass,legacy_1000,single,"(0.8, 0.9]",45,326.0,288.0,275.2301488511437,0.8834355828220859,0.844264260279582
Stone Setting,First pass,legacy_1000,team,"(0.5, 0.6]",2,7.0,1.0,4.014160419070155,0.14285714285714285,0.5734514884385936
Stone Setting,First pass,legacy_1000,team,"(0.6, 0.7]",5,9.0,8.0,5.65374242083939,0.8888888888888888,0.6281936023154878
Stone Setting,First pass,legacy_1000,team,"(0.7, 0.8]",1,1.0,0.0,0.7880572451749083,0.0,0.7880572451749083
Stone Setting,First pass,legacy_1000,unknown,"(0.7, 0.8]",38,143.0,71.0,103.03642144650871,0.4965034965034965,0.7205344157098511
Stone Setting,First pass,legacy_5000,single,"(0.3, 0.4]",4,5.0,4.0,1.7751936028291868,0.8,0.35503872056583735
Stone Setting,First pass,legacy_5000,single,"(0.4, 0.5]",11,35.0,15.0,16.061546149479863,0.42857142857142855,0.4589013185565675
Stone Setting,First pass,legacy_5000,single,"(0.5, 0.6]",31,202.0,77.0,113.70665895771347,0.3811881188118812,0.5629042522659082
Stone Setting,First pass,legacy_5000,single,"(0.6, 0.7]",49,460.0,318.0,296.8623486052863,0.691304347826087,0.6453529317506224
Stone Setting,First pass,legacy_5000,single,"(0.7, 0.8]",42,345.0,285.0,257.4504006968024,0.8260869565217391,0.7462330454979779
Stone Setting,First pass,legacy_5000,single,"(0.8, 0.9]",45,326.0,288.0,275.2222562421644,0.8834355828220859,0.8442400498225902
Stone Setting,First pass,legacy_5000,team,"(0.5, 0.6]",2,7.0,1.0,4.013844317207843,0.14285714285714285,0.5734063310296919
Stone Setting,First pass,legacy_5000,team,"(0.6, 0.7]",5,9.0,8.0,5.6533542468042,0.8888888888888888,0.6281504718671334
Stone Setting,First pass,legacy_5000,team,"(0.7, 0.8]",1,1.0,0.0,0.7880263329477879,0.0,0.7880263329477879
Stone Setting,First pass,legacy_5000,unknown,"(0.7, 0.8]",38,143.0,71.0,103.03109206139166,0.4965034965034965,0.7204971472824592
Stone Setting,First pass,ridge_expanded_equal_round,single,"(-0.001, 0.1]",6,11.0,6.0,0.5346156587495382,0.5454545454545454,0.04860142352268529
Stone Setting,First pass,ridge_expanded_equal_round,single,"(0.1, 0.2]",11,85.0,41.0,14.856639249837967,0.4823529411764706,0.1747839911745643
Stone Setting,First pass,ridge_expanded_equal_round,single,"(0.2, 0.3]",6,10.0,2.0,2.6649039343418806,0.2,0.26649039343418807
Stone Setting,First pass,ridge_expanded_equal_round,single,"(0.3, 0.4]",10,29.0,14.0,10.257155200048873,0.4827586206896552,0.35369500689823696
Stone Setting,First pass,ridge_expanded_equal_round,single,"(0.4, 0.5]",44,348.0,194.0,157.67247130637622,0.5574712643678161,0.45308181409878223
Stone Setting,First pass,ridge_expanded_equal_round,single,"(0.5, 0.6]",15,91.0,42.0,48.58549702294633,0.46153846153846156,0.5339065606917179
Stone Setting,First pass,ridge_expanded_equal_round,single,"(0.6, 0.7]",18,173.0,133.0,116.10871962502223,0.7687861271676301,0.6711486683527297
Stone Setting,First pass,ridge_expanded_equal_round,single,"(0.7, 0.8]",36,269.0,230.0,201.99458427364436,0.8550185873605948,0.7509092352180088
Stone Setting,First pass,ridge_expanded_equal_round,single,"(0.8, 0.9]",31,237.0,213.0,202.48142024705444,0.8987341772151899,0.8543519841647866
Stone Setting,First pass,ridge_expanded_equal_round,single,"(0.9, 1.0]",5,120.0,112.0,111.4222482329958,0.9333333333333333,0.928518735274965
Stone Setting,First pass,ridge_expanded_equal_round,team,"(-0.001, 0.1]",1,3.0,0.0,0.0631212652225065,0.0,0.021040421740835497
Stone Setting,First pass,ridge_expanded_equal_round,team,"(0.2, 0.3]",3,8.0,5.0,2.092374950970707,0.625,0.2615468688713384
Stone Setting,First pass,ridge_expanded_equal_round,team,"(0.3, 0.4]",3,5.0,4.0,1.6430340810970319,0.8,0.32860681621940635
Stone Setting,First pass,ridge_expanded_equal_round,team,"(0.5, 0.6]",1,1.0,0.0,0.5309115587786648,0.0,0.5309115587786648
Stone Setting,First pass,ridge_expanded_equal_round,unknown,"(0.2, 0.3]",2,3.0,1.0,0.6141778467122136,0.3333333333333333,0.20472594890407123
Stone Setting,First pass,ridge_expanded_equal_round,unknown,"(0.4, 0.5]",1,1.0,1.0,0.4257303460824071,1.0,0.4257303460824071
Stone Setting,First pass,ridge_expanded_equal_round,unknown,"(0.5, 0.6]",2,2.0,0.0,1.0433486374054035,0.0,0.5216743187027018
Stone Setting,First pass,ridge_expanded_equal_round,unknown,"(0.6, 0.7]",3,14.0,10.0,8.569904134426183,0.7142857142857143,0.6121360096018702
Stone Setting,First pass,ridge_expanded_equal_round,unknown,"(0.7, 0.8]",1,3.0,1.0,2.111150738539313,0.3333333333333333,0.7037169128464377
Stone Setting,First pass,ridge_expanded_equal_round,unknown,"(0.8, 0.9]",22,61.0,27.0,52.024666947527166,0.4426229508196721,0.8528633925824125
Stone Setting,First pass,ridge_expanded_equal_round,unknown,"(0.9, 1.0]",7,59.0,31.0,55.75439110081242,0.5254237288135594,0.9449896796747868
Stone Setting,First pass,ridge_expanded_pieces,single,"(0.3, 0.4]",1,3.0,0.0,1.0859970444062241,0.0,0.3619990148020747
Stone Setting,First pass,ridge_expanded_pieces,single,"(0.4, 0.5]",9,34.0,11.0,16.149790090013475,0.3235294117647059,0.4749938261768669
Stone Setting,First pass,ridge_expanded_pieces,single,"(0.5, 0.6]",41,192.0,94.0,105.55326000638958,0.4895833333333333,0.5497565625332791
Stone Setting,First pass,ridge_expanded_pieces,single,"(0.6, 0.7]",56,394.0,230.0,253.88279075471604,0.583756345177665,0.6443725653672996
Stone Setting,First pass,ridge_expanded_pieces,single,"(0.7, 0.8]",56,506.0,433.0,378.4575155700694,0.8557312252964426,0.7479397540910463
Stone Setting,First pass,ridge_expanded_pieces,single,"(0.8, 0.9]",19,244.0,219.0,205.2588355268065,0.8975409836065574,0.8412247357656004
Stone Setting,First pass,ridge_expanded_pieces,team,"(0.4, 0.5]",2,7.0,1.0,3.044874221065621,0.14285714285714285,0.434982031580803
Stone Setting,First pass,ridge_expanded_pieces,team,"(0.5, 0.6]",4,8.0,8.0,4.454892840935448,1.0,0.556861605116931
Stone Setting,First pass,ridge_expanded_pieces,team,"(0.6, 0.7]",1,1.0,0.0,0.6233008927500396,0.0,0.6233008927500396
Stone Setting,First pass,ridge_expanded_pieces,team,"(0.7, 0.8]",1,1.0,0.0,0.7014777004391324,0.0,0.7014777004391324
Stone Setting,First pass,ridge_expanded_pieces,unknown,"(0.7, 0.8]",12,41.0,19.0,31.47771204577878,0.4634146341463415,0.7677490742872873
Stone Setting,First pass,ridge_expanded_pieces,unknown,"(0.8, 0.9]",26,102.0,52.0,87.21841688910004,0.5098039215686274,0.8550825185205886
Stone Setting,First pass,ridge_single_capped,single,"(0.4, 0.5]",11,42.0,14.0,19.536331090701673,0.3333333333333333,0.46515074025480174
Stone Setting,First pass,ridge_single_capped,single,"(0.5, 0.6]",41,254.0,104.0,140.7658068586967,0.4094488188976378,0.5541960899948689
Stone Setting,First pass,ridge_single_capped,single,"(0.6, 0.7]",63,451.0,312.0,296.4261273154793,0.6917960088691796,0.6572641403890893
Stone Setting,First pass,ridge_single_capped,single,"(0.7, 0.8]",53,426.0,374.0,322.10019513066044,0.8779342723004695,0.7561037444381701
Stone Setting,First pass,ridge_single_capped,single,"(0.8, 0.9]",14,200.0,183.0,166.24051213372172,0.915,0.8312025606686086
Stone Setting,First pass,ridge_single_capped,team,"(0.5, 0.6]",2,7.0,1.0,3.5941587501341736,0.14285714285714285,0.5134512500191677
Stone Setting,First pass,ridge_single_capped,team,"(0.6, 0.7]",5,9.0,8.0,5.710377233961291,0.8888888888888888,0.6344863593290323
Stone Setting,First pass,ridge_single_capped,team,"(0.7, 0.8]",1,1.0,0.0,0.7477275461022033,0.0,0.7477275461022033
Stone Setting,First pass,ridge_single_capped,unknown,"(0.5, 0.6]",9,18.0,6.0,10.290594506353674,0.3333333333333333,0.5716996947974263
Stone Setting,First pass,ridge_single_capped,unknown,"(0.6, 0.7]",22,66.0,34.0,44.06284799496652,0.5151515151515151,0.6676189090146442
Stone Setting,First pass,ridge_single_capped,unknown,"(0.7, 0.8]",7,59.0,31.0,44.6805968788649,0.5254237288135594,0.7572982521841508
Stone Setting,First pass,ridge_single_equal_round,single,"(-0.001, 0.1]",5,10.0,5.0,0.4145294811299055,0.5,0.04145294811299055
Stone Setting,First pass,ridge_single_equal_round,single,"(0.1, 0.2]",12,86.0,42.0,15.01558607948399,0.4883720930232558,0.17459983813353477
Stone Setting,First pass,ridge_single_equal_round,single,"(0.2, 0.3]",4,11.0,0.0,2.9399953133937906,0.0,0.2672723012176173
Stone Setting,First pass,ridge_single_equal_round,single,"(0.3, 0.4]",17,81.0,27.0,30.93663049108557,0.3333333333333333,0.3819337097664885
Stone Setting,First pass,ridge_single_equal_round,single,"(0.4, 0.5]",36,288.0,177.0,133.6863062523531,0.6145833333333334,0.464188563376226
Stone Setting,First pass,ridge_single_equal_round,single,"(0.5, 0.6]",14,89.0,42.0,47.48018660969271,0.47191011235955055,0.533485242805536
Stone Setting,First pass,ridge_single_equal_round,single,"(0.6, 0.7]",18,146.0,104.0,97.68982558010885,0.7123287671232876,0.6691083943843071
Stone Setting,First pass,ridge_single_equal_round,single,"(0.7, 0.8]",40,305.0,265.0,227.24918300155798,0.8688524590163934,0.7450792885296983
Stone Setting,First pass,ridge_single_equal_round,single,"(0.8, 0.9]",31,237.0,213.0,202.79584738239902,0.8987341772151899,0.8556786809383925
Stone Setting,First pass,ridge_single_equal_round,single,"(0.9, 1.0]",5,120.0,112.0,111.44194543224198,0.9333333333333333,0.9286828786020165
Stone Setting,First pass,ridge_single_equal_round,team,"(-0.001, 0.1]",1,3.0,0.0,0.1385497242872748,0.0,0.0461832414290916
Stone Setting,First pass,ridge_single_equal_round,team,"(0.4, 0.5]",3,8.0,5.0,3.5765191256643085,0.625,0.44706489070803856
Stone Setting,First pass,ridge_single_equal_round,team,"(0.5, 0.6]",3,5.0,4.0,2.655828973731589,0.8,0.5311657947463179
Stone Setting,First pass,ridge_single_equal_round,team,"(0.7, 0.8]",1,1.0,0.0,0.7104207981193813,0.0,0.7104207981193813
Stone Setting,First pass,ridge_single_equal_round,unknown,"(-0.001, 0.1]",2,3.0,1.0,0.1749615747125865,0.3333333333333333,0.0583205249041955
Stone Setting,First pass,ridge_single_equal_round,unknown,"(0.1, 0.2]",1,1.0,1.0,0.1529050125439576,1.0,0.1529050125439576
Stone Setting,First pass,ridge_single_equal_round,unknown,"(0.2, 0.3]",4,15.0,10.0,3.937183900006646,0.6666666666666666,0.26247892666710976
Stone Setting,First pass,ridge_single_equal_round,unknown,"(0.3, 0.4]",2,4.0,1.0,1.4365087743556022,0.25,0.35912719358890055
Stone Setting,First pass,ridge_single_equal_round,unknown,"(0.5, 0.6]",17,37.0,15.0,20.518688209081013,0.40540540540540543,0.5545591407859733
Stone Setting,First pass,ridge_single_equal_round,unknown,"(0.6, 0.7]",5,24.0,12.0,15.51442648465023,0.5,0.6464344368604262
Stone Setting,First pass,ridge_single_equal_round,unknown,"(0.7, 0.8]",3,20.0,15.0,15.736007571198131,0.75,0.7868003785599066
Stone Setting,First pass,ridge_single_equal_round,unknown,"(0.8, 0.9]",4,39.0,16.0,31.715696682291306,0.41025641025641024,0.8132229918536232
Stone Setting,First pass,ridge_single_pieces,single,"(0.3, 0.4]",1,3.0,0.0,1.091545797041948,0.0,0.36384859901398264
Stone Setting,First pass,ridge_single_pieces,single,"(0.4, 0.5]",9,34.0,11.0,16.0382943027629,0.3235294117647059,0.47171453831655585
Stone Setting,First pass,ridge_single_pieces,single,"(0.5, 0.6]",38,189.0,92.0,103.68570850582658,0.48677248677248675,0.5486016323059607
Stone Setting,First pass,ridge_single_pieces,single,"(0.6, 0.7]",59,413.0,250.0,266.97793687382915,0.6053268765133172,0.6464356825032183
Stone Setting,First pass,ridge_single_pieces,single,"(0.7, 0.8]",56,490.0,415.0,367.5634453543557,0.8469387755102041,0.7501294803150116
Stone Setting,First pass,ridge_single_pieces,single,"(0.8, 0.9]",19,244.0,219.0,205.2050517489873,0.8975409836065574,0.8410043104466692
Stone Setting,First pass,ridge_single_pieces,team,"(0.5, 0.6]",2,7.0,1.0,3.6156136180901393,0.14285714285714285,0.5165162311557342
Stone Setting,First pass,ridge_single_pieces,team,"(0.6, 0.7]",4,8.0,8.0,5.092093604022276,1.0,0.6365117005027845
Stone Setting,First pass,ridge_single_pieces,team,"(0.7, 0.8]",2,2.0,0.0,1.4633607383247313,0.0,0.7316803691623657
Stone Setting,First pass,ridge_single_pieces,unknown,"(0.5, 0.6]",6,11.0,4.0,6.256878579065857,0.36363636363636365,0.5688071435514416
Stone Setting,First pass,ridge_single_pieces,unknown,"(0.6, 0.7]",11,43.0,24.0,28.13090670497168,0.5581395348837209,0.65420713267376
Stone Setting,First pass,ridge_single_pieces,unknown,"(0.7, 0.8]",21,89.0,43.0,66.79867504219051,0.48314606741573035,0.7505469105864102
Stone Setting,Rework,group_only_all,single,"(0.8, 0.9]",1,2.0,2.0,1.7918723248554604,1.0,0.8959361624277302
Stone Setting,Rework,group_only_all,single,"(0.9, 1.0]",16,51.0,41.0,46.57621974724235,0.803921568627451,0.9132592107302421
Stone Setting,Rework,group_only_all,team,"(0.9, 1.0]",1,1.0,1.0,0.9028128772644728,1.0,0.9028128772644728
Stone Setting,Rework,group_only_all,unknown,"(0.8, 0.9]",13,40.0,36.0,34.32148228344667,0.9,0.8580370570861667
Stone Setting,Rework,group_only_all,unknown,"(0.9, 1.0]",118,384.0,353.0,350.59591467569714,0.9192708333333334,0.9130101944679613
Stone Setting,Rework,legacy_1000,single,"(0.6, 0.7]",16,51.0,41.0,34.23761503901197,0.803921568627451,0.6713257850786661
Stone Setting,Rework,legacy_1000,single,"(0.7, 0.8]",1,2.0,2.0,1.5840734101501863,1.0,0.7920367050750932
Stone Setting,Rework,legacy_1000,team,"(0.6, 0.7]",1,1.0,1.0,0.6713257789123335,1.0,0.6713257789123335
Stone Setting,Rework,legacy_1000,unknown,"(0.6, 0.7]",117,396.0,364.0,265.76338007032854,0.9191919191919192,0.6711196466422438
Stone Setting,Rework,legacy_1000,unknown,"(0.7, 0.8]",14,28.0,25.0,22.177027661957815,0.8928571428571429,0.7920367022127791
Stone Setting,Rework,legacy_5000,single,"(0.6, 0.7]",16,51.0,41.0,34.23761503901197,0.803921568627451,0.6713257850786661
Stone Setting,Rework,legacy_5000,single,"(0.7, 0.8]",1,2.0,2.0,1.5840734101501863,1.0,0.7920367050750932
Stone Setting,Rework,legacy_5000,team,"(0.6, 0.7]",1,1.0,1.0,0.6713257789123335,1.0,0.6713257789123335
Stone Setting,Rework,legacy_5000,unknown,"(0.6, 0.7]",117,396.0,364.0,265.76338007032854,0.9191919191919192,0.6711196466422438
Stone Setting,Rework,legacy_5000,unknown,"(0.7, 0.8]",14,28.0,25.0,22.177027661957815,0.8928571428571429,0.7920367022127791
Stone Setting,Rework,ridge_expanded_equal_round,single,"(0.6, 0.7]",2,3.0,3.0,2.0618763784897793,1.0,0.6872921261632597
Stone Setting,Rework,ridge_expanded_equal_round,single,"(0.7, 0.8]",5,25.0,19.0,18.600822155658893,0.76,0.7440328862263557
Stone Setting,Rework,ridge_expanded_equal_round,single,"(0.8, 0.9]",9,20.0,16.0,16.93524986339093,0.8,0.8467624931695464
Stone Setting,Rework,ridge_expanded_equal_round,single,"(0.9, 1.0]",1,5.0,5.0,4.543128463523274,1.0,0.9086256927046549
Stone Setting,Rework,ridge_expanded_equal_round,team,"(0.4, 0.5]",1,1.0,1.0,0.4691174279057498,1.0,0.4691174279057498
Stone Setting,Rework,ridge_expanded_equal_round,unknown,"(0.9, 1.0]",131,424.0,389.0,394.8218414458255,0.9174528301886793,0.9311835883156262
Stone Setting,Rework,ridge_expanded_pieces,single,"(0.7, 0.8]",12,26.0,16.0,20.40140468452614,0.6153846153846154,0.784669410943313
Stone Setting,Rework,ridge_expanded_pieces,single,"(0.8, 0.9]",5,27.0,27.0,22.070127516405663,1.0,0.8174121302372468
Stone Setting,Rework,ridge_expanded_pieces,team,"(0.6, 0.7]",1,1.0,1.0,0.6979498110989438,1.0,0.6979498110989438
Stone Setting,Rework,ridge_expanded_pieces,unknown,"(0.8, 0.9]",11,33.0,31.0,29.279143144557487,0.9393939393939394,0.8872467619562875
Stone Setting,Rework,ridge_expanded_pieces,unknown,"(0.9, 1.0]",120,391.0,358.0,364.31382590964563,0.9156010230179028,0.9317489153699376
Stone Setting,Rework,ridge_single_capped,single,"(0.2, 0.3]",1,1.0,1.0,0.2855162599993875,1.0,0.2855162599993875
Stone Setting,Rework,ridge_single_capped,single,"(0.3, 0.4]",1,2.0,2.0,0.6354343155083592,1.0,0.3177171577541796
Stone Setting,Rework,ridge_single_capped,single,"(0.5, 0.6]",2,2.0,2.0,1.1800153824227841,1.0,0.5900076912113921
Stone Setting,Rework,ridge_single_capped,single,"(0.6, 0.7]",3,23.0,17.0,14.78863852755281,0.7391304347826086,0.6429842838066439
Stone Setting,Rework,ridge_single_capped,single,"(0.8, 0.9]",1,3.0,3.0,2.462823347537771,1.0,0.8209411158459238
Stone Setting,Rework,ridge_single_capped,single,"(0.9, 1.0]",9,22.0,18.0,21.162638014617677,0.8181818181818182,0.9619380915735308
Stone Setting,Rework,ridge_single_capped,team,"(0.6, 0.7]",1,1.0,1.0,0.6550141208858351,1.0,0.6550141208858351
Stone Setting,Rework,ridge_single_capped,unknown,"(0.4, 0.5]",6,11.0,10.0,5.108427027957541,0.9090909090909091,0.4644024570870492
Stone Setting,Rework,ridge_single_capped,unknown,"(0.5, 0.6]",1,1.0,1.0,0.5914884956063722,1.0,0.5914884956063722
Stone Setting,Rework,ridge_single_capped,unknown,"(0.6, 0.7]",60,244.0,229.0,161.47201989605244,0.9385245901639344,0.6617705733444772
Stone Setting,Rework,ridge_single_capped,unknown,"(0.7, 0.8]",7,18.0,15.0,14.170065910199774,0.8333333333333334,0.7872258838999875
Stone Setting,Rework,ridge_single_capped,unknown,"(0.8, 0.9]",13,36.0,34.0,30.485320927704507,0.9444444444444444,0.8468144702140141
Stone Setting,Rework,ridge_single_capped,unknown,"(0.9, 1.0]",44,114.0,100.0,109.53709007309378,0.8771929824561403,0.9608516673078402
Stone Setting,Rework,ridge_single_equal_round,single,"(0.2, 0.3]",1,1.0,1.0,0.2868474097008182,1.0,0.2868474097008182
Stone Setting,Rework,ridge_single_equal_round,single,"(0.3, 0.4]",1,2.0,2.0,0.645213084665634,1.0,0.322606542332817
Stone Setting,Rework,ridge_single_equal_round,single,"(0.6, 0.7]",5,25.0,19.0,15.354137347142597,0.76,0.6141654938857039
Stone Setting,Rework,ridge_single_equal_round,single,"(0.8, 0.9]",2,6.0,6.0,5.155088045814771,1.0,0.8591813409691285
Stone Setting,Rework,ridge_single_equal_round,single,"(0.9, 1.0]",8,19.0,15.0,18.06763644742623,0.7894736842105263,0.9509282340750648
Stone Setting,Rework,ridge_single_equal_round,team,"(0.6, 0.7]",1,1.0,1.0,0.6366637046117383,1.0,0.6366637046117383
Stone Setting,Rework,ridge_single_equal_round,unknown,"(0.4, 0.5]",6,11.0,10.0,5.21147604651532,0.9090909090909091,0.4737705496832109
Stone Setting,Rework,ridge_single_equal_round,unknown,"(0.5, 0.6]",1,1.0,1.0,0.5794841547910069,1.0,0.5794841547910069
Stone Setting,Rework,ridge_single_equal_round,unknown,"(0.6, 0.7]",60,244.0,229.0,161.39844550217538,0.9385245901639344,0.6614690389433417
Stone Setting,Rework,ridge_single_equal_round,unknown,"(0.7, 0.8]",4,9.0,9.0,7.016644228512245,1.0,0.7796271365013605
Stone Setting,Rework,ridge_single_equal_round,unknown,"(0.8, 0.9]",42,122.0,106.0,105.53120561873747,0.8688524590163934,0.865009882120799
Stone Setting,Rework,ridge_single_equal_round,unknown,"(0.9, 1.0]",18,37.0,34.0,35.03910302707464,0.918918918918919,0.9470027845155308
Stone Setting,Rework,ridge_single_pieces,single,"(0.2, 0.3]",1,1.0,1.0,0.2855515669026457,1.0,0.2855515669026457
Stone Setting,Rework,ridge_single_pieces,single,"(0.3, 0.4]",1,2.0,2.0,0.6357108859615972,1.0,0.3178554429807986
Stone Setting,Rework,ridge_single_pieces,single,"(0.5, 0.6]",2,2.0,2.0,1.1786242559276716,1.0,0.5893121279638358
Stone Setting,Rework,ridge_single_pieces,single,"(0.6, 0.7]",3,23.0,17.0,14.853598276653589,0.7391304347826086,0.6458086207240691
Stone Setting,Rework,ridge_single_pieces,single,"(0.8, 0.9]",1,3.0,3.0,2.4629841905271332,1.0,0.8209947301757111
Stone Setting,Rework,ridge_single_pieces,single,"(0.9, 1.0]",9,22.0,18.0,21.163120033428203,0.8181818181818182,0.9619600015194638
Stone Setting,Rework,ridge_single_pieces,team,"(0.6, 0.7]",1,1.0,1.0,0.655424326580424,1.0,0.655424326580424
Stone Setting,Rework,ridge_single_pieces,unknown,"(0.4, 0.5]",6,11.0,10.0,5.10240977147239,0.9090909090909091,0.46385543377021726
Stone Setting,Rework,ridge_single_pieces,unknown,"(0.5, 0.6]",1,1.0,1.0,0.5916290625552316,1.0,0.5916290625552316
Stone Setting,Rework,ridge_single_pieces,unknown,"(0.6, 0.7]",60,244.0,229.0,161.50031436990355,0.9385245901639344,0.6618865343028834
Stone Setting,Rework,ridge_single_pieces,unknown,"(0.7, 0.8]",7,18.0,15.0,14.163485241593916,0.8333333333333334,0.786860291199662
Stone Setting,Rework,ridge_single_pieces,unknown,"(0.8, 0.9]",13,36.0,34.0,30.486923209267953,0.9444444444444444,0.8468589780352209
Stone Setting,Rework,ridge_single_pieces,unknown,"(0.9, 1.0]",44,114.0,100.0,109.55336762309496,0.8771929824561403,0.9609944528341663
